medicine_name,public_price_lbp,public_price_usd,agent_name,is_subsidized,subsidy_category,registration_no,strength,presentation
"0.45% SODIUM CHLORIDE INJECTION USP",176974,1.98,"A Pharma Solutions SAL",0,"","51721/1","0.45%","1000ml"
"0.45% SODIUM CHLORIDE INJECTION USP",194211,2.17,"A Pharma Solutions SAL",0,"","9723/1","0.45%","1000ml non pvc"
"0.45% SODIUM CHLORIDE INJECTION USP",159736,1.78,"A Pharma Solutions SAL",0,"","115424/1","0.45%","250ml non pvc"
"0.45% SODIUM CHLORIDE INJECTION USP",178123,1.99,"A Pharma Solutions SAL",0,"","115924/1","0.45%","500ml non pvc"
"0.9% SODIUM CHLORIDE INJECTION USP",160885,1.80,"A Pharma Solutions SAL",0,"","51921/1","0.9%","100ml"
"0.9% SODIUM CHLORIDE INJECTION USP",166631,1.86,"A Pharma Solutions SAL",0,"","52121/1","0.9%","500ml"
"0.9% SODIUM CHLORIDE INJECTION USP",180421,2.02,"A Pharma Solutions SAL",0,"","52021/1","0.9%","1000ml"
"0.9% SODIUM CHLORIDE INJECTION USP",757310,8.46,"A Pharma Solutions SAL",0,"","51821/1","0.9%","3000ml"
"0.9% SODIUM CHLORIDE INJECTION USP",159736,1.78,"A Pharma Solutions SAL",0,"","52221/1","0.9%","250ml"
"0.9% SODIUM CHLORIDE INJECTION USP",201107,2.25,"A Pharma Solutions SAL",0,"","8323/1","0.9%","100ml non pvc"
"0.9% SODIUM CHLORIDE INJECTION USP",229836,2.57,"A Pharma Solutions SAL",0,"","8523/1","0.9%","500ml non pvc"
"0.9% SODIUM CHLORIDE INJECTION USP",244775,2.73,"A Pharma Solutions SAL",0,"","8623/1","0.9%","1000ml non pvc"
"0.9% SODIUM CHLORIDE INJECTION USP",199957,2.23,"A Pharma Solutions SAL",0,"","8423/1","0.9%","250ml non pvc"
"0.9% SODIUM CHLORIDE INJECTION USP",187316,2.09,"A Pharma Solutions SAL",0,"","115224/1","0.9%","50ml non pvc"
"10% DEXTROSE INJECTION USP",241328,2.70,"A Pharma Solutions SAL",0,"","63721/1","","1000ml"
"10% DEXTROSE INJECTION USP",187316,2.09,"A Pharma Solutions SAL",0,"","63521/1","","250ml"
"10% DEXTROSE INJECTION USP",213747,2.39,"A Pharma Solutions SAL",0,"","63621/1","","500ml"
"10% DEXTROSE INJECTION USP",313726,3.51,"A Pharma Solutions SAL",0,"","9323/1","","1000ml non pvc"
"10% DEXTROSE INJECTION USP",242477,2.71,"A Pharma Solutions SAL",0,"","9123/1","","250ml non pvc"
"10% DEXTROSE INJECTION USP",278102,3.11,"A Pharma Solutions SAL",0,"","9223/1","","500ml non pvc"
"10% DEXTROSE INJECTION USP",187316,2.09,"A Pharma Solutions SAL",0,"","115324/1","","100ml non pvc"
"10% W/V CALCIUM GLUCONATE INJECTION BP",3952241,44.16,"Pharmamed",1,"Stratum B","31316/1","","100x10ml Plastic Ampoules"
"123 COLD AND FLU",409552,4.58,"Droguerie de l'Union",1,"Stratum A1","208377/97","","20"
"123 COMPLETE",537537,6.01,"Droguerie de l'Union",1,"Stratum A1","10120/1","","16Day tablets + 8Night tablets"
"2.5% DEXTROSE 0.45% SODIUM CHLORIDE INJECTION",189615,2.12,"A Pharma Solutions SAL",0,"","64021/1","","1000ml"
"2.5% DEXTROSE 0.45% SODIUM CHLORIDE INJECTION",247074,2.76,"A Pharma Solutions SAL",0,"","9623/1","","1000ml non pvc"
"2.5% DEXTROSE 0.45% SODIUM CHLORIDE INJECTION",189615,2.12,"A Pharma Solutions SAL",0,"","115524/1","","500ml non pvc"
"20 MEQ POTASSIUM OF 0.9% SODIUM CHLORIDE INJECTION USP",305682,3.42,"Alfa Laboratoires S.A.L.",0,"","168141/10","","1000ml PVC Bags 2 entries"
"20 MEQ POTASSIUM OF 0.9% SODIUM CHLORIDE INJECTION USP",252820,2.82,"Alfa Laboratoires S.A.L.",0,"","93016/1","","250ml PVC Bags 2 entries"
"20 MEQ POTASSIUM OF 5% DEXTROSE AND 0.45% SODIUM CHLORIDE INJECTION USP",252820,2.82,"Alfa Laboratoires S.A.L.",0,"","168142/10","","1000ml PVC Bags 2 entries"
"3V",229797,2.57,"Pharmanet Drugstore S.A.R.L.",1,"Stratum A1","974078/02","","20"
"3V",198889,2.22,"Pharmanet Drugstore S.A.R.L.",1,"Stratum A1","974079/02","","3"
"5% DEXTROSE 0.45% SODIUM CHLORIDE INJECTION",197659,2.21,"A Pharma Solutions SAL",0,"","64121/1","","1000ml"
"5% DEXTROSE 0.45% SODIUM CHLORIDE INJECTION",247074,2.76,"A Pharma Solutions SAL",0,"","9523/1","","1000ml non pvc"
"5% DEXTROSE 0.45% SODIUM CHLORIDE INJECTION",201107,2.25,"A Pharma Solutions SAL",0,"","114824/1","","500ml non pvc"
"5% DEXTROSE 0.9% SODIUM CHLORIDE INJECTION",198808,2.22,"A Pharma Solutions SAL",0,"","63921/1","","1000ml"
"5% DEXTROSE 0.9% SODIUM CHLORIDE INJECTION",249372,2.79,"A Pharma Solutions SAL",0,"","9423/1","","1000ml non pvc"
"5% DEXTROSE 0.9% SODIUM CHLORIDE INJECTION",214897,2.40,"A Pharma Solutions SAL",0,"","115824/1","","500ml non pvc"
"5% DEXTROSE INJECTION USP",163184,1.82,"A Pharma Solutions SAL",0,"","52321/1","","100ml"
"5% DEXTROSE INJECTION USP",163184,1.82,"A Pharma Solutions SAL",0,"","52421/1","5%","250ml"
"5% DEXTROSE INJECTION USP",175825,1.96,"A Pharma Solutions SAL",0,"","52521/1","5%","500ml"
"5% DEXTROSE INJECTION USP",197659,2.21,"A Pharma Solutions SAL",0,"","52621/1","5%","1000ml"
"5% DEXTROSE INJECTION USP",211449,2.36,"A Pharma Solutions SAL",0,"","8723/1","","100ml non pvc"
"5% DEXTROSE INJECTION USP",211449,2.36,"A Pharma Solutions SAL",0,"","8823/1","5%","250ml non pvc"
"5% DEXTROSE INJECTION USP",228687,2.56,"A Pharma Solutions SAL",0,"","8923/1","5%","500ml non pvc"
"5% DEXTROSE INJECTION USP",247074,2.76,"A Pharma Solutions SAL",0,"","9023/1","5%","1000ml non pvc"
"5% DEXTROSE INJECTION USP",204554,2.29,"A Pharma Solutions SAL",0,"","114624/1","","50ml non pvc"
"5-FLUOROURACIL EBEWE",653107,7.30,"Khalil Fattal & Fils S.A.L.",1,"Stratum A1","66316/1","1000mg","1"
"5-FROTU",577852,6.46,"Germanos Health Care Supplies SARL",1,"Stratum A1","98322/1","1000mg/20ml","1Vial for single use"
"7.5% DEXTROSE INJECTION USP",222941,2.49,"A Pharma Solutions SAL",0,"","81222/1","","Non Pvc 500ml"
"9% SODIUM CHLORIDE",280400,3.13,"A Pharma Solutions SAL",0,"","81322/1","","1000ml"
"A.B.C NIGHT",222694,2.49,"Riad Pharmacy",1,"Stratum A1","148323/1","","20"
"A.B.C.-COLD",534977,5.98,"Riad Pharmacy",1,"Stratum A1","70720/1","","20"
"A.S HEART",148463,1.66,"Riad Pharmacy",1,"Stratum A1","167320/1","81mg","30"
"ABILIFY MAINTENA",29491998,329.52,"Sadco",0,"Stratum D","42316/1","400mg","1Vial of powder +1Vial of 2ml solvent"
"ABIPREX 10",1075074,12.01,"Benta Trading Co s.a.l.",1,"Stratum B","77116/1","10mg","30"
"ABIPREX 15",1075074,12.01,"Benta Trading Co s.a.l.",1,"Stratum B","77216/1","15mg","30"
"ABIRATERONE ACETATE NEAPOLIS",75418662,842.67,"Medis Pharm Drugstore",1,"Stratum E2","91022/1","250mg","120"
"ABIRATERONE ACETATE SPC",73748373,824.00,"Advanced Healthcare Services SAL",1,"Stratum E2","6421/1","250mg","120"
"ABLAX 250",45056853,503.43,"Benta Trading Co s.a.l.",1,"Stratum E1","113920/1","250mg","120"
"ABLAX 500",45056853,503.43,"Benta Trading Co s.a.l.",1,"Stratum E1","152623/1","500mg","60"
"ABRAXANE",17850751,199.45,"Droguerie de l'Union",0,"Stratum D","93321/1","5mg/ml","1 Vial"
"ABREMIA",77478802,865.68,"Droguerie de l'Union",1,"Stratum E1","52919/1","250mg","120"
"ABRILADA",40259574,449.83,"Mersaco",1,"Stratum E1","147822/1","40mg","2prefilled syringes 0.8ml + 2alcohol pads"
"ABRILADA",40259574,449.83,"Mersaco",1,"Stratum E1","147922/1","40mg","2prefilled pens 0.8ml + 2alcohol pads"
"ABRYSVO",22650721,253.08,"Mersaco",0,"Stratum D","53425/1","","1Vial with powder, 1Pre-filled syringe of solvent, 1Vial adapter, 1needle"
"ABSORICA LIDOSE",1827045,20.41,"Pharmamedic S.A.R.L.",1,"Stratum B","28325/1","16mg","30"
"ABSTRAL",3419743,38.21,"Droguerie Mercury S.A.L.",1,"Stratum B","43417/1","100mcg","10"
"ABSTRAL",5261143,58.78,"Droguerie Mercury S.A.L.",1,"Stratum B","43217/1","200mcg","10"
"ACAMPROSATE BIOGARAN",3641813,40.69,"Commercial and Trading Ressources SAL (CTR)",1,"Stratum B","128817/1","333mg","180"
"ACARIZAX 12 SQ-HDM ORAL LYOPHILISATE",9366451,104.65,"Droguerie de l'Union",1,"Stratum C","71121/1","","30 (3x10)"
"ACC LONG",286238,3.20,"Khalil Fattal & Fils S.A.L.",1,"Stratum A1","23624/06","","10"
"ACEBUTOLOL BIOGARAN",615480,6.88,"Commercial and Trading Ressources SAL (CTR)",1,"Stratum A1","102221/1","400mg","30"
"ACEBUTOLOL BIOGARAN",464970,5.20,"Commercial and Trading Ressources SAL (CTR)",1,"Stratum A1","102121/1","200mg","30"
"ACECLOFAR",131697,1.47,"Pharmanet Drugstore S.A.R.L.",1,"Stratum A1","24684/07","100mg","10"
"ACETAZOLAMIDE",1001163,11.19,"Promopharm S.A.R.L.",1,"Stratum A2","53923/1","250mg","100"
"ACFOL",355798,3.98,"Pharmapro",1,"Stratum A1","31215/1","5mg","50"
"ACHONID GEL",179179,2.00,"Benta Trading Co s.a.l.",1,"Stratum A1","77024/1","2.5% (25mg/g)","Tube of 60g"
"ACIDE ALENDRONIQUE/ VITAMINE D3 BGR",784804,8.77,"Commercial and Trading Ressources SAL (CTR)",1,"Stratum A2","98218/1","70mg/5600UI","4"
"ACIDE FUSIDIQUE BGR",202920,2.27,"Commercial and Trading Ressources SAL (CTR)",1,"Stratum A1","78424/1","2%","Tube de 15g"
"ACLASTA",21075062,235.48,"Khalil Fattal & Fils S.A.L.",0,"Stratum D","4723/1","5mg/100ml","1vial"
"A-CNOTREN",1526524,17.06,"Bellapharma S.A.R.L.",1,"Stratum B","1416/1","20mg","30"
"ACTEMRA",11127864,124.33,"Omnipharma",1,"Stratum C","218156/09","80mg/4ml","1Vial"
"ACTEMRA",25485937,284.76,"Omnipharma",0,"Stratum D","218157/09","200mg/10ml","1 Vial"
"ACTEMRA",47925322,535.48,"Omnipharma",1,"Stratum E1","218158/09","400mg/20ml","1Vial"
"ACTEMRA",79959812,893.41,"Omnipharma",1,"Stratum E1","42115/1","162mg/0.9ml","4Prefilled syringes"
"ACTICARBINE",306396,3.42,"Pharmamedic S.A.R.L.",1,"Stratum A1","78773","","42"
"ACTILYSE",100976553,1,128.23,"Mersaco",1,"Stratum E2","38681/96","50mg","2"
"ACTISKENAN",763303,8.53,"Minapharm Halabi",1,"Stratum A2","109125/1","30mg","14"
"ACTISKENAN",512004,5.72,"Minapharm Halabi",1,"Stratum A1","109025/1","20mg","14"
"ACTISKENAN",310428,3.47,"Minapharm Halabi",1,"Stratum A1","108925/1","10mg","14"
"ACTISKENAN",233829,2.61,"Minapharm Halabi",1,"Stratum A1","108825/1","5mg","14"
"ACTISOUFRE",729706,8.15,"Pharmamedic S.A.R.L.",1,"Stratum A2","219553/09","","100ml"
"ACTI-VIR",1039238,11.61,"Pharmapro",1,"Stratum A2","78770/98","200mg","25"
"ACTI-VIR H",833182,9.31,"Pharmapro",1,"Stratum A2","52515/1","","5g"
"ACTONORM",403153,4.50,"Taba Chemipharm",1,"Stratum A1","61618/1","220mg/200mg/25mg in 5ml","200ml"
"ACTOS",2484765,27.76,"Abela Frères S.A.L.",1,"Stratum B","973726/02","30mg","30"
"ACTOS",1243054,13.89,"Abela Frères S.A.L.",1,"Stratum A2","23608/06","15mg","30"
"ACTOSMET",3101588,34.65,"Abela Frères S.A.L.",1,"Stratum B","179817/1","15mg/850mg","56"
"ACTRAPID",752552,8.41,"Mersaco",1,"Stratum A2","26460","100IU/ml","10ml"
"ACTRAPID",752552,8.41,"Mersaco",1,"Stratum A2","144814/1","100IU/ml","10ml"
"ACUPAN",365525,4.08,"Pharmamedic S.A.R.L.",1,"Stratum A1","24959/07","","5"
"ACURIL",614136,6.86,"Qualipharm",1,"Stratum A1","168203/10","5mg","28"
"ACURIL",497222,5.56,"Qualipharm",1,"Stratum A1","168202/10","2.5mg","28"
"ACURIL",810337,9.05,"Qualipharm",1,"Stratum A2","96648/12","10mg","28"
"ADALIREL",3628375,40.54,"Levant Pulse SARL",1,"Stratum B","106523/1","40mg","box of 0.8ml in PFS fo subcutaneous use"
"ADCETRIS",298266862,3,332.59,"Century Pharma SAL",1,"Stratum E2","119414/1","50mg","1Vial"
"ADDAVEN",4065124,45.42,"Benta Trading Co s.a.l.",1,"Stratum B","106324/1","",""
"ADELPHAN ESIDREX",371157,4.15,"Mephico S.A.L.",1,"Stratum A1","24279","","30"
"ADENURIC",2127111,23.77,"Droguerie de l'Union",1,"Stratum B","93318/1","80mg","28"
"ADENURIC",2184704,24.41,"Droguerie de l'Union",1,"Stratum B","107818/1","120mg","28"
"ADENURIC",1687866,18.86,"Droguerie de l'Union",1,"Stratum B","79719/1","40mg","28"
"ADEX",296989,3.32,"Medis Pharm Drugstore",1,"Stratum A1","55423/1","1.5mg","box of 30"
"ADOL",192169,2.15,"Pharmanet Drugstore S.A.R.L.",1,"Stratum A1","208895/03","250mg/5ml","135ml"
"ADOL",107507,1.20,"Pharmanet Drugstore S.A.R.L.",1,"Stratum A1","78843/98","125mg","10"
"ADOL",124977,1.40,"Pharmanet Drugstore S.A.R.L.",1,"Stratum A1","78844/98","250mg","10"
"ADOL",131697,1.47,"Pharmanet Drugstore S.A.R.L.",1,"Stratum A1","78845/98","500mg","10"
"ADOL",81974,0.92,"Pharmanet Drugstore S.A.R.L.",1,"Stratum A1","78846/98","500mg","24"
"ADOL",126321,1.41,"Pharmanet Drugstore S.A.R.L.",1,"Stratum A1","120922/1","120mg/5ml","100ml"
"ADOL EXTRA",122290,1.37,"Pharmanet Drugstore S.A.R.L.",1,"Stratum A1","973937/02","","24"
"ADRENALINE 1 MG  I.V.",2239738,25.03,"Alfa Laboratoires S.A.L.",1,"Stratum B","26/95","1mg/ml","100 x 1ml"
"ADRENALINE AGUETTANT",13990891,156.32,"Pharmamed",0,"Stratum D","43121/1","1mg/10ml (0.1mg/ml)","10Prefilled Syringes"
"ADRENALINE RENAUDIN",13990891,156.32,"Minapharm Halabi",0,"Stratum D","H0744/92","1mg/ml","10x1ml"
"ADRENALINE RENAUDIN",13990891,156.32,"Minapharm Halabi",0,"Stratum D","812,23.08,A1,4.97,Renaudin","1mg/ml","10x1ml"
"ADRENALINE RENAUDIN",13990891,156.32,"Minapharm Halabi",0,"Stratum D","812,23.08,A1,4.97,Renaudin","1mg/ml","10x1ml"
"ADRENALINE SALF",220390,2.46,"New Europharm",1,"Stratum A1","81614/1","1mg/ml","5Amp x 1ml"
"ADROMUX",821088,9.17,"Droguerie Phenicia",1,"Stratum A2","167734/10","","1"
"ADVAGRAF",13297758,148.58,"Abela Frères S.A.L.",1,"Stratum C","186521/13","0.5mg","100"
"ADVAGRAF",25729044,287.48,"Abela Frères S.A.L.",0,"Stratum D","186522/13","1mg","100"
"ADVAGRAF",68645618,766.99,"Abela Frères S.A.L.",1,"Stratum E1","186523/13","3mg","100"
"ADVAGRAF",85485667,955.15,"Abela Frères S.A.L.",1,"Stratum E2","186524/13","5mg","100"
"ADVANTAN",385683,4.31,"UPO S.A.L.",1,"Stratum A1","94820/1","","20g"
"ADVANTAN",385683,4.31,"UPO S.A.L.",1,"Stratum A1","94920/1","","20g"
"ADVIL",387027,4.32,"Sadco",1,"Stratum A1","77021/1","200mg","50"
"ADVIL COLD & SINUS",288926,3.23,"Sadco",1,"Stratum A1","76921/1","","20"
"ADVIL LIQUI-GELS",464970,5.20,"Sadco",1,"Stratum A1","97321/1","200mg","32"
"ADVIL LIQUI-GELS EXTRA STRENGTH",575165,6.43,"Droguerie Mercury S.A.L.",1,"Stratum A1","48818/1","400mg","24"
"AERIALLERG",200233,2.24,"Picomed SARL",1,"Stratum A1","97366/12","0.5mg/ml","125ml"
"AERIALLERG",400465,4.47,"Picomed SARL",1,"Stratum A1","167742/11","5mg","30"
"AERIUS",403153,4.50,"Abela Frères S.A.L.",1,"Stratum A1","24888/07","0.5mg/ml","150ml"
"AERIUS",430030,4.80,"Abela Frères S.A.L.",1,"Stratum A1","186613/13","5mg","30"
"AERIUS",430030,4.80,"Abela Frères S.A.L.",1,"Stratum A1","65022/1","5mg","30"
"AEROCORT-A HFA",541569,6.05,"Droguerie de l'Union",1,"Stratum A1","219222/09","","200metered doses"
"AEROFOR",897687,10.03,"Macromed S.A.R.L.",1,"Stratum A2","165120/1","12mcg","30"
"AEROFOR",1709368,19.10,"Macromed S.A.R.L.",1,"Stratum B","165020/1","12mcg","60"
"AERONIDE",2116552,23.65,"Macromed S.A.R.L.",1,"Stratum B","175820/1","400mcg","60caps+inhaler"
"AERONIDE",1150329,12.85,"Macromed S.A.R.L.",1,"Stratum A2","175920/1","200mcg","60caps+inhaler"
"AETHOXYSKLEROL",2576146,28.78,"Medway Healthcare SARL Single Partner",1,"Stratum B","216/1","3%","5Ampoules x 2ml"
"AETHOXYSKLEROL",1441943,16.11,"Medway Healthcare SARL Single Partner",1,"Stratum B","416/1","0.5%","5Ampoules x 2ml"
"AETHOXYSKLEROL",1732213,19.35,"Medway Healthcare SARL Single Partner",1,"Stratum B","316/1","1%","5Ampoules x 2ml"
"AFINITOR",149125651,1,666.21,"Khalil Fattal & Fils S.A.L.",1,"Stratum E2","218674/10","5mg","30"
"AFINITOR",214674575,2,398.60,"Khalil Fattal & Fils S.A.L.",1,"Stratum E2","96704/12","10mg","30"
"AGGRASTAT",18280324,204.25,"Droguerie de l'Union",0,"Stratum D","219721/09","0.25mg/ml","1x50ml"
"AGGRIX 75",1204083,13.45,"Macromed S.A.R.L.",1,"Stratum A2","219456/09","","28"
"AIMOVIG",35423371,395.79,"Khalil Fattal & Fils S.A.L.",0,"Stratum D","193718/1","70mg/ml","pre-filled pen"
"AIRFAST",802274,8.96,"Mersaco",1,"Stratum A2","96553/12","10mg","30"
"AIRFAST PEDIATRICS",880217,9.83,"Mersaco",1,"Stratum A2","72221/1","4mg","28"
"AIRTAL 100MG 20",471689,5.27,"Droguerie Phenicia",1,"Stratum A1","27943/95","100mg","20"
"AIRTAL DIFUCREM 1.5%",536193,5.99,"Droguerie Phenicia",1,"Stratum A1","974097/02","1.5%","60g"
"AKEEGA",519366124,5,802.97,"Abela Frères S.A.L.",1,"Stratum E2","6224/1","100mg/500mg","56"
"AKEEGA",519366124,5,802.97,"Abela Frères S.A.L.",1,"Stratum E2","6324/1","50mg/500mg","56"
"AKLIEF",4359425,48.71,"Raymond Georges Abou Adal & Co",1,"Stratum B","134121/1","50mcg/g","75g"
"AKYNZEO",7364372,82.28,"Mersaco",1,"Stratum C","26816/1","300mg/0.5mg","1"
"ALBENDA",116914,1.31,"Pharmanet Drugstore S.A.R.L.",1,"Stratum A1","973998/02","200mg","2"
"ALBENDA",129009,1.44,"Pharmanet Drugstore S.A.R.L.",1,"Stratum A1","973999/02","400mg","20ml"
"ALBENDACURE",127985,1.43,"Tamipharm",1,"Stratum A1","98625/1","200mg","2"
"ALBENDAZOLE-UBSA",127985,1.43,"L. Pharm SAL",1,"Stratum A1","131824/1","200mg","2"
"ALBEZORA",116466,1.30,"MH Pharma SARL",1,"Stratum A1","20726/1","200mg","2"
"ALBUKEY",4863366,54.34,"Mediterranean Pharmaceutical Company",1,"Stratum B","63524/1","20%","50ml"
"ALBUREL HUMAN ALBUMIN BP",3836670,42.87,"Levant Pulse SARL",1,"Stratum B","119124/1","20%","Box of 50ml"
"ALBUREL HUMAN ALBUMIN BP",6353687,70.99,"Levant Pulse SARL",1,"Stratum B","119024/1","20%","Box of 100ml"
"ALBUTEIN",7154928,79.94,"Alfamed S.A.L.",1,"Stratum C","148247/03","20%","100ml"
"ALBUTEIN",4031528,45.05,"Alfamed S.A.L.",1,"Stratum B","148245/03","20%","50ml"
"ALDACTONE",237860,2.66,"Droguerie Fattal  S.A.L.",1,"Stratum A1","110115/1","25mg","20"
"ALDACTONE",458250,5.12,"Droguerie Fattal  S.A.L.",1,"Stratum A1","197819/1","100mg","10"
"ALDARA",6301277,70.41,"Omnipharma",1,"Stratum B","86124/1","5%","12 Sachets"
"ALDEX",190764,2.13,"Alfa Laboratoires S.A.L.",0,"","160618/1","5g/100ml","50ml Viaflex bag"
"ALDEX",190764,2.13,"Alfa Laboratoires S.A.L.",0,"","160718/1","5g/100ml","100ml Viaflex bag"
"ALDEX",187316,2.09,"Alfa Laboratoires S.A.L.",0,"","193318/1","5g/100ml","250ml Viaflex bag"
"ALDEX",201107,2.25,"Alfa Laboratoires S.A.L.",0,"","177618/1","5g/100ml","500ml Viaflex bag"
"ALDEX",226388,2.53,"Alfa Laboratoires S.A.L.",0,"","177718/1","5g/100ml","1000ml Viaflex bag"
"ALDOMET",644400,7.20,"Droguerie de l'Union",1,"Stratum A1","11283","250mg","30"
"ALDOMET",856708,9.57,"Droguerie de l'Union",1,"Stratum A2","20919","500mg","30"
"ALDURAZYME",57138680,638.42,"Mersaco",1,"Stratum E1","52422/1","100U/ml","1Vial x 5ml"
"ALECENSA",490837809,5,484.22,"Omnipharma",1,"Stratum E2","178617/1","150mg","224"
"ALERGICAL EXPECTORANT",485127,5.42,"Taba Chemipharm",1,"Stratum A1","97043/12","","150ml"
"ALERJON",528130,5.90,"Abela Frères S.A.L.",1,"Stratum A1","67419/1","","10ml"
"ALEXAN",1209458,13.51,"Khalil Fattal & Fils S.A.L.",1,"Stratum A2","195035/04","100mg/5ml","1"
"ALEXAN",2848946,31.83,"Khalil Fattal & Fils S.A.L.",1,"Stratum B","221412/08","1000mg/20ml","1"
"ALFA-AMYLASE BGR CONSEIL",290270,3.24,"Commercial and Trading Ressources SAL (CTR)",1,"Stratum A1","129324/1","3,000U.CEIP","18"
"ALFA-AMYLASE BGR CONSEIL",384339,4.29,"Commercial and Trading Ressources SAL (CTR)",1,"Stratum A1","129424/1","200U.CEIP/ml","Flacon de 200ml"
"ALFOCIN",858779,9.60,"Benta Trading Co s.a.l.",1,"Stratum A2","185804/13","10mg","30"
"ALFUZOSINE ARROW LP",743145,8.30,"Darapharma S.A.L.",1,"Stratum A2","128024/1","10mg","30"
"ALFUZOSINE BIOGARAN LP",1115389,12.46,"Commercial and Trading Ressources SAL (CTR)",1,"Stratum A2","103122/1","10mg","30"
"ALGESAL SURACTIVE",1006538,11.25,"L. Pharm SAL",1,"Stratum A2","122218/1","","40g"
"ALGIFAST 400",473033,5.29,"Pharmacie Al Sahel",1,"Stratum A1","159015/1","400mg","12sachets"
"ALGIFAST PEDIATRIC",393746,4.40,"Pharmacie Al Sahel",1,"Stratum A1","153620/1","20mg/ml","100ml"
"ALGIKEY",873498,9.76,"Mediterranean Pharmaceutical Company",1,"Stratum A2","208370/02","30mg","6Amp"
"ALGIVIC",215015,2.40,"Pharmamedic S.A.R.L.",1,"Stratum A1","72822/1","250mg","12"
"ALGIVIC",147183,1.64,"Pharmamedic S.A.R.L.",1,"Stratum A1","72622/1","500mg","12"
"ALGIVIC INFANT",199657,2.23,"Pharmamedic S.A.R.L.",1,"Stratum A1","72722/1","125mg","12"
"ALGOCOD",299677,3.35,"Pharmamedic S.A.R.L.",1,"Stratum A1","218789/09","","32 (16x2)"
"ALGODOL",317403,3.55,"Pharmamedic S.A.R.L.",1,"Stratum A1","219452/09","","20"
"ALGOMIEL COUGH SYRUP",639925,7.15,"Droguerie de l'Union",1,"Stratum A1","16621/1","","100ml"
"ALIMTA",16854009,188.31,"Droguerie de l'Union",0,"Stratum D","190019/1","100mg","1vial"
"ALIMTA",78132798,872.99,"Droguerie de l'Union",1,"Stratum E1","189919/1","500mg","1vial"
"ALLERGODIL",709549,7.93,"Omnipharma",1,"Stratum A1","120214/1","","6ml"
"ALLERGODIL NASAL",657139,7.34,"Omnipharma",1,"Stratum A1","166948/11","","10ml"
"ALLOPURINOL BIOGARAN",107507,1.20,"Commercial and Trading Ressources SAL (CTR)",1,"Stratum A1","115722/1","100mg","28"
"ALLOPURINOL BIOGARAN",169324,1.89,"Commercial and Trading Ressources SAL (CTR)",1,"Stratum A1","115622/1","200mg","28"
"ALLOPURINOL BIOGARAN",212327,2.37,"Commercial and Trading Ressources SAL (CTR)",1,"Stratum A1","115522/1","300mg","28"
"ALMIRAL",396434,4.43,"New Allpharma",1,"Stratum A1","166818/11","1% w/w","50g"
"ALMIRAL",415247,4.64,"New Allpharma",1,"Stratum A1","127715/1","75mg/3ml","10ampoules"
"ALMOVITAE",1148985,12.84,"Promopharm S.A.R.L.",1,"Stratum A2","21920/1","12.5mg","6"
"ALOPEXY",896343,10.02,"Mersaco",1,"Stratum A2","112823/1","5%","60ml"
"ALOXI",3656595,40.86,"Mersaco",1,"Stratum B","55315/1","0.25mg/5ml","1Vial"
"ALPEEN",8728144,97.52,"Raymond Georges Abou Adal & Co",1,"Stratum C","70215/1","4000IU","10 vials"
"ALPEEN",1127036,12.59,"Raymond Georges Abou Adal & Co",1,"Stratum B","61819/1","4000IU","1 vials"
"ALPEEN",4748244,53.05,"Raymond Georges Abou Adal & Co",1,"Stratum B","4922/1","4000IU","5 vials"
"ALPEEN",4036903,45.11,"Raymond Georges Abou Adal & Co",1,"Stratum B","108621/1","10,000IU","1vial"
"ALPEEN",11210836,125.26,"Raymond Georges Abou Adal & Co",0,"Stratum D","91122/1","40,000IU","1Vial"
"ALPEEN",10661285,119.12,"Raymond Georges Abou Adal & Co",0,"Stratum D","129323/1","10,000IU","3Vials"
"ALPHAGAN P",999819,11.17,"Mersaco",1,"Stratum A2","24140/06","0.15%","5ml"
"ALPHAGAN P",999819,11.17,"Mersaco",1,"Stratum A2","85723/1","0.15%","5ml"
"ALPHAGAN P",999819,11.17,"Mersaco",1,"Stratum A2","120124/1","0.1%","5ml"
"ALPHANOVA",599354,6.70,"Macromed S.A.R.L.",1,"Stratum A1","119320/1","0.15%","5ml"
"ALPRAZOLAM BIOGARAN",169324,1.89,"Commercial and Trading Ressources SAL (CTR)",1,"Stratum A1","98622/1","0.5mg","30"
"ALPRAZOLAM BIOGARAN",115570,1.29,"Commercial and Trading Ressources SAL (CTR)",1,"Stratum A1","98522/1","0.25mg","30"
"ALPROX",895895,10.01,"Droguerie de l'Union",1,"Stratum A2","195348/04","1mg","30"
"ALPROX",383955,4.29,"Droguerie de l'Union",1,"Stratum A1","148305/03","0.5mg","30"
"ALTEBREL",14833767,165.74,"Lebiran SARL",1,"Stratum E1","138419/1","50mg/1ml","4prefilled syringes"
"ALTEBREL",27383989,305.97,"Lebiran SARL",0,"Stratum D","138519/1","25mg/0.5ml","4pre-filled syringes"
"ALTO D 10.000",895895,10.01,"Al Hikma Baalbek Pharmacy",1,"Stratum A2","22720/1","10,000IU","30"
"ALTUM",712620,7.96,"Pharmaline S.A.L.",1,"Stratum A2","73321/1","50,000IU","10"
"ALTUM-D3",561342,6.27,"Pharmaline S.A.L.",1,"Stratum A2","81320/1","10,000IU","30"
"ALTUM-D3",712620,7.96,"Pharmaline S.A.L.",1,"Stratum A2","94825/1","50,000IU","10"
"ALUNBRIG",87227357,974.61,"Century Pharma SAL",1,"Stratum E2","79720/1","30mg","28"
"ALUNBRIG",261678963,2,923.79,"Century Pharma SAL",1,"Stratum E2","79820/1","90mg","28"
"ALUNBRIG",409120926,4,571.18,"Century Pharma SAL",1,"Stratum E2","79920/1","180mg","28"
"ALURIC",175339,1.96,"Pharmaline S.A.L.",1,"Stratum A1","27567/94","300mg","30"
"ALVIGO",1204339,13.46,"Droguerie de l'Union",1,"Stratum A2","24510/07","16mg","60"
"ALVOCADE",14169600,158.32,"Lebiran SARL",0,"Stratum D","138619/1","3.5mg","1Vial"
"ALZEPIL",1406555,15.72,"Pharmapro",1,"Stratum A2","219521/09","5mg","30"
"ALZEPIL",1908256,21.32,"Pharmapro",1,"Stratum B","219522/09","10mg","30"
"AMANAM 500",997131,11.14,"Swiss Pharm S.A.R.L.",1,"Stratum A2","186117/13","","1 vial"
"AMARYL",231141,2.58,"Mersaco",1,"Stratum A1","28022/1","1mg","30"
"AMARYL",233829,2.61,"Mersaco",1,"Stratum A1","27922/1","2mg","30"
"AMARYL",392402,4.38,"Mersaco",1,"Stratum A1","27822/1","3mg","30"
"AMARYL",392402,4.38,"Mersaco",1,"Stratum A1","27722/1","4mg","30"
"AMBISOME",13126040,146.66,"Khalil Fattal & Fils S.A.L.",1,"Stratum C","20319/1","50mg","1"
"AMEPRIDE",137072,1.53,"Premium Serve Drugstore Co. P.S.D. SAL",1,"Stratum A1","219295/09","1mg","30"
"AMEPRIDE",139760,1.56,"Premium Serve Drugstore Co. P.S.D. SAL",1,"Stratum A1","219296/09","2mg","30"
"AMEPRIDE",215015,2.40,"Premium Serve Drugstore Co. P.S.D. SAL",1,"Stratum A1","219297/09","3mg","30"
"AMEPRIDE",215015,2.40,"Premium Serve Drugstore Co. P.S.D. SAL",1,"Stratum A1","219298/09","4mg","30"
"AMICINE",1749683,19.55,"Bellapharma S.A.R.L.",1,"Stratum B","95517/1","500mg/2ml","5Vials"
"AMIKACIN SULPHATE",372244,4.16,"Medi drug International SAL (MDI)",1,"Stratum A1","24701/07","500mg/2ml","1vialx2ml"
"AMIKACIN-ORBUCELL",3711565,41.47,"Pharmadex",1,"Stratum B","139924/1","500mg","10Vials x 2ml"
"AMINOPHYLLINE",445388,4.98,"Medapharm Healthcare SAL",1,"Stratum A1","2237/94","100mg","100"
"AMINOPHYLLINE ADULTS",244451,2.73,"Pharmadex",1,"Stratum A1","2721","350mg","10"
"AMINOPHYLLINE CHILDREN",203496,2.27,"Pharmadex",1,"Stratum A1","2722","100mg","10"
"AMINOPHYLLINE RENAUDIN",203496,2.27,"Minapharm Halabi",1,"Stratum A1","G0344/91","250mg/10ml","bt 10Ampoules"
"AMINOPHYLLINE RENAUDIN",203496,2.27,"Minapharm Halabi",1,"Stratum A1","113,23.08,A2,8.26,Renaudin","250mg/10ml","bt 10Ampoules"
"AMINOPHYLLINE RENAUDIN",203496,2.27,"Minapharm Halabi",1,"Stratum A1","113,23.08,A2,8.26,Renaudin","250mg/10ml","bt 10Ampoules"
"AMINOPLASMAL B. BRAUN",1036103,11.58,"Droguerie de l'Union",1,"Stratum A2","105015/1","10%","500ml"
"AMINOVEN 10%",951440,10.63,"Benta Trading Co s.a.l.",1,"Stratum A2","261021","10%","500ml"
"AMINOVEN INFANT",880217,9.83,"Benta Trading Co s.a.l.",1,"Stratum A2","97018/12","10%","1x100ml"
"AMIODARONE BIOGARAN",345368,3.86,"Commercial and Trading Ressources SAL (CTR)",1,"Stratum A1","17123/1","200mg","30"
"AMLINE",358358,4.00,"Pharmaline S.A.L.",1,"Stratum A1","154820/1","5mg","30"
"AMLINE",662962,7.41,"Pharmaline S.A.L.",1,"Stratum A1","154920/1","10mg","30"
"AMLO TAD",744489,8.32,"Pharmamedic S.A.R.L.",1,"Stratum A2","97698/11","5mg","50"
"AMLOCARD",473545,5.29,"Benta Trading Co s.a.l.",1,"Stratum A1","24384/06","5mg","30"
"AMLOCARD 10",870298,9.72,"Benta Trading Co s.a.l.",1,"Stratum A2","97882/12","10mg","30"
"AMLOCOEUR",362198,4.05,"L. Pharm SAL",1,"Stratum A1","131924/1","5mg","30"
"AMLODAR 10",671921,7.51,"Sadco",1,"Stratum A1","221157/08","10mg","28"
"AMLODAR 5",362837,4.05,"Sadco",1,"Stratum A1","221156/08","5mg","28"
"AMLO-DECURE",362198,4.05,"Tamipharm",1,"Stratum A1","98325/1","5mg","30"
"AMLODIPINE ARROW",462282,5.17,"Darapharma S.A.L.",1,"Stratum A1","186364/13","10mg","30"
"AMLODIPINE ARROW",462282,5.17,"Darapharma S.A.L.",1,"Stratum A1","186365/13","5mg","30"
"AMLODIPINE ARROW",1303527,14.56,"Darapharma S.A.L.",1,"Stratum A2","113225/1","5mg","90"
"AMLODIPINE BIOGARAN",462282,5.17,"Commercial and Trading Ressources SAL (CTR)",1,"Stratum A1","69321/1","10mg","30"
"AMLODIPINE BIOGARAN",462282,5.17,"Commercial and Trading Ressources SAL (CTR)",1,"Stratum A1","69421/1","5mg","30"
"AMLODIPINE/VALSARTAN ARROW",807649,9.02,"Darapharma S.A.L.",1,"Stratum A2","150821/1","5mg/80mg","30"
"AMLODIPINE/VALSARTAN ARROW",923220,10.32,"Darapharma S.A.L.",1,"Stratum A2","150921/1","5mg/160mg","30"
"AMLODIPINE/VALSARTAN ARROW",923220,10.32,"Darapharma S.A.L.",1,"Stratum A2","151021/1","10mg/160mg","30"
"AMLODIPINE/VALSARTAN ARROW",2603023,29.08,"Darapharma S.A.L.",1,"Stratum B","160025/1","5mg/160mg","90"
"AMLODIPRESS",362198,4.05,"New Larys Pharm SARL",1,"Stratum A1","196425/1","5mg","30"
"AMLOKEY",397777,4.44,"Mediterranean Pharmaceutical Company",1,"Stratum A1","1615/1","10mg","30"
"AMLOKEY",349399,3.90,"Mediterranean Pharmaceutical Company",1,"Stratum A1","48425/1","5mg","30"
"AMLOPHAR",388370,4.34,"Pharmanet Drugstore S.A.R.L.",1,"Stratum A1","222226/07","5mg","30"
"AMLOR",560382,6.26,"Mectapharm S.A.L.",1,"Stratum A1","195452/04","5mg","30"
"AMLOR",560382,6.26,"Mectapharm S.A.L.",1,"Stratum A1","35322/1","5mg","30"
"AMLORINE 10",560382,6.26,"Droguerie Columbus",1,"Stratum A1","167489/10","","30"
"AMLORINE 10",560382,6.26,"Droguerie Columbus",1,"Stratum A1","504,23.08,A2,10.72,Remedica Ltd","","30"
"AMLORINE 10",560382,6.26,"Droguerie Columbus",1,"Stratum A1","504,23.08,A2,10.72,Remedica Ltd","","30"
"AMLORINE 5",560382,6.26,"Droguerie Columbus",1,"Stratum A1","167490/10","5mg","30"
"AMLORINE 5",560382,6.26,"Droguerie Columbus",1,"Stratum A1","370,23.08,A1,4.34,Remedica Ltd","5mg","30"
"AMLORINE 5",560382,6.26,"Droguerie Columbus",1,"Stratum A1","370,23.08,A1,4.34,Remedica Ltd","5mg","30"
"AMOCLAN",159917,1.79,"Droguerie de l'Union",1,"Stratum A1","38872/96","156mg","100ml"
"AMOCLAN",259362,2.90,"Droguerie de l'Union",1,"Stratum A1","38874/96","375mg","20"
"AMOCLAN BID",456906,5.11,"Droguerie de l'Union",1,"Stratum A1","973992/02","1g","14"
"AMOCLAN BID",278175,3.11,"Droguerie de l'Union",1,"Stratum A1","208366/02","400/57","70ml"
"AMOCLAN BID",345368,3.86,"Droguerie de l'Union",1,"Stratum A1","208365/02","200/28.5","70ml"
"AMOCLAN BID",507972,5.68,"Droguerie de l'Union",1,"Stratum A1","221974/09","600mg","75ml"
"AMOCLAN FORTE",288926,3.23,"Droguerie de l'Union",1,"Stratum A1","38873/96","312mg","100ml"
"AMOCLAN FORTE",170668,1.91,"Droguerie de l'Union",1,"Stratum A1","38875/96","625mg","15"
"AMOKLAVIN BID",448843,5.02,"New Europharm",1,"Stratum A1","55323/1","1000mg","14"
"AMOKLAVIN BID 400/57MG FORTE",278175,3.11,"New Europharm",1,"Stratum A1","55123/1","","70ml"
"AMOKLAVIN ES",507972,5.68,"New Europharm",1,"Stratum A1","55223/1","600/42.9mg","100ml"
"AMOPRO",362837,4.05,"Food & Drug Corporation FDC",1,"Stratum A1","167177/10","5mg","28"
"AMOROLFINE BGR",753896,8.42,"Commercial and Trading Ressources SAL (CTR)",1,"Stratum A2","59217/1","5%","Flacon de 2.5ml"
"AMOS",2175745,24.31,"Raymond Georges Abou Adal & Co",1,"Stratum B","52520/1","20mg","4"
"AMOS",1662781,18.58,"Raymond Georges Abou Adal & Co",1,"Stratum B","74120/1","10mg","4"
"AMOS",2743998,30.66,"Raymond Georges Abou Adal & Co",1,"Stratum B","34122/1","5mg","14"
"AMOXICILLIN",2743998,30.66,"Droguerie Columbus",1,"Stratum B","MP1328/93","500mg","10x100Blis"
"145,23.08,B,69.26,,,8/11/2026",2743998,30.66,"Droguerie Columbus",1,"Stratum B","199","500mg","10x100Blis"
"AMOXICILLINA/ ACIDO CLAVULANICO",16577136,185.22,"Medi drug International SAL (MDI)",0,"Stratum D","195254/04","1g/200mg","Box of 100Vials"
"AMOXICILLINE ARROW LAB",564414,6.31,"Darapharma S.A.L.",1,"Stratum A1","69124/1","500mg","30"
"AMOXICILLINE ARROW LAB",940690,10.51,"Darapharma S.A.L.",1,"Stratum A2","69024/1","1g","30"
"AMOXICILLINE INJ.",1173175,13.11,"Minapharm Halabi",1,"Stratum A2","186998/14","1g","10"
"AMOXICILLINE PANPHARMA",2734719,30.56,"Minapharm Halabi",1,"Stratum B","E0343/91","1g","25"
"AMOXICLAV-ORBUCELL",2734719,30.56,"Pharmadex",1,"Stratum B","194453/05","875/125mg","14"
"AMOXICLAV-ORBUCELL",2734719,30.56,"Pharmadex",1,"Stratum B","981,23.08,A1,5.62,,,8/11/2026","875/125mg","14"
"AMOXICLAV-ORBUCELL",7433691,83.06,"Medi drug International SAL (MDI)",1,"Stratum C","45820/1","1.2g","Box of 50Vials"
"AMOXIDREX",254690,2.85,"Pharmadex",1,"Stratum A1","148352","500mg","20"
"AMOXIDREX",284127,3.17,"Pharmadex",1,"Stratum A1","974052","250mg/5ml","100ml"
"AMOXIDREX",7332097,81.92,"Pharmadex",1,"Stratum C","130622/1","500mg","1000"
"AMOXYCILLIN",4073187,45.51,"Levant Alie Houses S.A.L.",1,"Stratum B","01912A","500mg","500's (50x10)"
"AMOXYCILLIN",166381,1.86,"Pharmadex",1,"Stratum A1","2776","250mg/5ml","60ml"
"AMOXYDIL",142063,1.59,"Mephico S.A.L.",1,"Stratum A1","973025","250mg/5ml","60ml"
"AMOXYDIL",218854,2.45,"Mephico S.A.L.",1,"Stratum A1","973921","500mg/5ml","60ml"
"AMPICILLINE PANPHARMA",1944540,21.73,"Minapharm Halabi",1,"Stratum B","E0980/92","500mg","25 Vials"
"AMPICILLINE PANPHARMA",2857009,31.92,"Minapharm Halabi",1,"Stratum B","A0341/91","1g","25 Vials"
"AMPIS",18545534,207.21,"Drugstore 3U S.A.R.L.",0,"Stratum D","101125/1","1.5g/vial","Box of 10Vials of 20ml"
"AMYDRAMINE",133040,1.49,"Pharmanet Drugstore S.A.R.L.",1,"Stratum A1","973940/02","","120ml"
"ANAGRELIDE BIOGARAN",15754068,176.02,"Commercial and Trading Ressources SAL (CTR)",0,"Stratum D","30020/1","0.5mg","100"
"ANASTROZOL GP PHARM",1181238,13.20,"Mediterranean Pharmaceutical Company",1,"Stratum A2","21122/1","1mg","28"
"ANASTROZOLE ARROW LAB",1552138,17.34,"Darapharma S.A.L.",1,"Stratum B","104223/1","1mg","30"
"ANASTROZOLE BIOGARAN",3800387,42.46,"Commercial and Trading Ressources SAL (CTR)",1,"Stratum B","51322/1","1mg","30"
"ANCAVAZ",669234,7.48,"Mazen Pharm Pharmaceutical Company SARL",1,"Stratum A1","97924/1","5/10mg","30"
"ANCAVAZ",491846,5.50,"Mazen Pharm Pharmaceutical Company SARL",1,"Stratum A1","98024/1","5/5mg","30"
"ANDARAN",940435,10.51,"Khalil Fattal & Fils S.A.L.",1,"Stratum A2","185958/13","300mg","28"
"ANDARAN",940435,10.51,"Khalil Fattal & Fils S.A.L.",1,"Stratum A2","185959/13","150mg","28"
"ANDARAN PLUS",598051,6.68,"Khalil Fattal & Fils S.A.L.",1,"Stratum A1","185988/13","300mg/12.5mg","28"
"ANDARAN PLUS",940435,10.51,"Khalil Fattal & Fils S.A.L.",1,"Stratum A2","185989/13","300mg/25mg","28"
"ANDARAN PLUS",598051,6.68,"Khalil Fattal & Fils S.A.L.",1,"Stratum A1","185987/13","150mg/12.5mg","28"
"ANDAZOL",302365,3.38,"BroadMed SAL",1,"Stratum A1","88422/1","200mg","6"
"ANDESART 16",665202,7.43,"C. Catafago & Co",1,"Stratum A1","218835/09","16mg","30"
"ANDESART 8",498566,5.57,"C. Catafago & Co",1,"Stratum A1","218834/09","8mg","30"
"ANESTOCIL",442124,4.94,"Abela Frères S.A.L.",1,"Stratum A1","187342/13","0.4%","10ml"
"ANGINET",387027,4.32,"Premium Serve Drugstore Co. P.S.D. SAL",1,"Stratum A1","167488/10","80mg","30"
"ANGINET",544256,6.08,"Premium Serve Drugstore Co. P.S.D. SAL",1,"Stratum A1","167487/10","160mg","30"
"ANGINOVAG",643701,7.19,"Spephal S.A.L.",1,"Stratum A1","20112","","10ml"
"ANGIOFLUX",1999638,22.34,"Pharmamedic S.A.R.L.",1,"Stratum B","151718/1","250LRU","50"
"ANGIOSAR",857372,9.58,"Sadco",1,"Stratum A2","83617/1","160mg/10mg","30"
"ANGIOSAR PLUS",1689210,18.87,"Sadco",1,"Stratum B","1181/1","320mg/10mg/25mg","30"
"ANODYNE 500",342680,3.83,"Ibn Sina Pharm SARL",1,"Stratum A1","15319/1","500mg","10"
"ANORO ELLIPTA",5367774,59.98,"Abela Frères S.A.L.",1,"Stratum B","119619/1","62.5/25mcg","30doses"
"ANSIMAR",550975,6.16,"Macromed S.A.R.L.",1,"Stratum A1","186054/13","20mg/ml","200ml"
"ANSIMAR",544256,6.08,"Macromed S.A.R.L.",1,"Stratum A1","186055/13","400mg","20"
"ANTALPEN",285407,3.19,"Pharmadex",1,"Stratum A1","22322","500mg","20"
"ANTALPEN",174060,1.94,"Pharmadex",1,"Stratum A1","19218","125mg/5ml","60ml"
"ANTALPEN",218854,2.45,"Pharmadex",1,"Stratum A1","19215","250mg","16"
"ANTALPEN FORTE",206056,2.30,"Pharmadex",1,"Stratum A1","19812","250mg/5ml","60ml"
"ANTARENE CODEINE",255330,2.85,"Pharmamedic S.A.R.L.",1,"Stratum A1","96680/12","200mg/30mg","20"
"ANTIPAN",355798,3.98,"Raymond Georges Abou Adal & Co",1,"Stratum A1","116214/1","20mg/ml","5Ampoules x 1ml"
"ANTIPAN",2557140,28.57,"Raymond Georges Abou Adal & Co",1,"Stratum B","63317/1","20mg/ml","50Ampoules x 1ml"
"ANTIPLEX",1295464,14.47,"Sadco",1,"Stratum A2","167816/11","75mg","30"
"ANTROLIN",1333092,14.89,"L. Pharm SAL",1,"Stratum A2","33623/1","0.3% + 1.5%","30g"
"ANTROLIN",1333092,14.89,"L. Pharm SAL",1,"Stratum A2","33623/1","0.3% + 1.5%","30g"
"ANXYL",167660,1.87,"Mediphar",1,"Stratum A1","208365/97","3mg","20"
"API-CIPROCIN",530818,5.93,"Germanos Health Care Supplies SARL",1,"Stratum A1","167639/10","","10ml"
"APIDRA",2221372,24.82,"Mersaco",1,"Stratum B","23723/06","100IU/ml","1x10ml"
"APIDRA SOLOSTAR",3942834,44.05,"Mersaco",1,"Stratum B","24863/07","100IU/ml","5 Prefilled pen x3ml"
"API-LOPROST",447500,5.00,"Germanos Health Care Supplies SARL",1,"Stratum A1","36118/1","0.005%","2.5ml"
"API-MUCOL",326554,3.65,"Germanos Health Care Supplies SARL",1,"Stratum A1","96204/11","","200ml"
"API-TOBRASON",294302,3.29,"Germanos Health Care Supplies SARL",1,"Stratum A1","167463/10","","5ml"
"API-TOBRASON",243235,2.72,"Germanos Health Care Supplies SARL",1,"Stratum A1","186285/13","","5g"
"APIXEL",1750579,19.56,"Pharmaline S.A.L.",1,"Stratum B","134524/1","2.5mg","60"
"APIXEL",1750579,19.56,"Pharmaline S.A.L.",1,"Stratum B","134424/1","5mg","60"
"APIZINE",505541,5.65,"Pharmapro",1,"Stratum A1","18316/1","","100ml"
"APO-ABIRATERONE",46110590,515.20,"Promopharm S.A.R.L.",1,"Stratum E1","120421/1","500mg","60"
"APO-ALENDRONATE",981005,10.96,"Promopharm S.A.R.L.",1,"Stratum A2","221408/08","70mg","4"
"APO-ALFUZOSIN",2331567,26.05,"Promopharm S.A.R.L.",1,"Stratum B","218866/09","10mg","100"
"APO-ALLOPURINOL",369557,4.13,"Promopharm S.A.R.L.",1,"Stratum A1","MP CA 581/91","100mg","100"
"APO-ALLOPURINOL",720300,8.05,"Promopharm S.A.R.L.",1,"Stratum A2","MP CB 581/91","300mg","100"
"APO-ANASTROZOLE",2615118,29.22,"Promopharm S.A.R.L.",1,"Stratum B","29014/1","1mg","30"
"APO-APIXABAN",3084119,34.46,"Promopharm S.A.R.L.",1,"Stratum B","27823/1","5mg","60"
"APO-APIXABAN",3084119,34.46,"Promopharm S.A.R.L.",1,"Stratum B","27923/1","2.5mg","60"
"APO-ATENOL",298333,3.33,"Promopharm S.A.R.L.",1,"Stratum A1","261444/97","50mg","30"
"APO-ATOMOXETINE",2981987,33.32,"Promopharm S.A.R.L.",1,"Stratum B","47121/1","10mg","30"
"APO-ATOMOXETINE",3703630,41.38,"Promopharm S.A.R.L.",1,"Stratum B","47221/1","25mg","30"
"APO-ATOMOXETINE",4114846,45.98,"Promopharm S.A.R.L.",1,"Stratum B","47321/1","40mg","30"
"APO-ATOMOXETINE",4731669,52.87,"Promopharm S.A.R.L.",1,"Stratum B","47421/1","60mg","30"
"APO-ATORVASTATIN",808993,9.04,"Promopharm S.A.R.L.",1,"Stratum A2","167503/10","10mg","30"
"APO-ATORVASTATIN",1416410,15.83,"Promopharm S.A.R.L.",1,"Stratum A2","167502/10","20mg","30"
"APO-ATORVASTATIN",1828970,20.44,"Promopharm S.A.R.L.",1,"Stratum B","167501/10","40mg","30"
"APO-AZITHROMYCIN Z",481096,5.38,"Promopharm S.A.R.L.",1,"Stratum A1","219288/09","250mg","6"
"APO-BISOPROLOL",923220,10.32,"Promopharm S.A.R.L.",1,"Stratum A2","221990/09","5mg","100"
"APO-CAPTO",1132859,12.66,"Promopharm S.A.R.L.",1,"Stratum A2","27352","25mg","100"
"APO-CAPTO",1752371,19.58,"Promopharm S.A.R.L.",1,"Stratum B","27353","50mg","100"
"APO-CARBAMAZEPINE",661171,7.39,"Promopharm S.A.R.L.",1,"Stratum A1","MP HO 581/91","200mg","100"
"APO-CLOPIDOGREL",858715,9.59,"Promopharm S.A.R.L.",1,"Stratum A2","219461/09","75mg","30"
"APO-DASATINIB",71323688,796.91,"Promopharm S.A.R.L.",1,"Stratum E1","21521/1","70mg","30"
"APO-DASATINIB",71323688,796.91,"Promopharm S.A.R.L.",1,"Stratum E1","21421/1","50mg","30"
"APO-DASATINIB",57771855,645.50,"Promopharm S.A.R.L.",1,"Stratum E1","21321/1","20mg","30"
"APO-DILTIAZ",545600,6.10,"Promopharm S.A.R.L.",1,"Stratum A1","27355","60mg","100"
"APO-ELTROMBOPAG",41496211,463.64,"Promopharm S.A.R.L.",1,"Stratum E1","148623/1","25mg","28"
"APO-ELTROMBOPAG",75952887,848.64,"Promopharm S.A.R.L.",1,"Stratum E2","148523/1","50mg","28"
"APO-ENTECAVIR",28943287,323.39,"Promopharm S.A.R.L.",0,"Stratum D","90618/1","0.5mg","30"
"APO-ERLOTINIB",91523229,1,022.61,"Promopharm S.A.R.L.",1,"Stratum E2","145320/1","150mg","30"
"APO-ERLOTINIB",79672726,890.20,"Promopharm S.A.R.L.",1,"Stratum E1","145220/1","100mg","30"
"APO-ESCITALOPRAM",565758,6.32,"Promopharm S.A.R.L.",1,"Stratum A1","35116/1","10mg","30"
"APO-ESCITALOPRAM",1087169,12.15,"Promopharm S.A.R.L.",1,"Stratum A2","35216/1","20mg","30"
"APO-FUROSEMIDE",862747,9.64,"Promopharm S.A.R.L.",1,"Stratum A2","MP MO 581/91","40mg","100"
"APO-GABAPENTIN",2260343,25.26,"Promopharm S.A.R.L.",1,"Stratum B","167485/10","300mg","100"
"APO-GEFITINIB",87345820,975.93,"Promopharm S.A.R.L.",1,"Stratum E2","95720/1","250mg","30"
"APO-IMATINIB",18838684,210.49,"Promopharm S.A.R.L.",0,"Stratum D","149914/1","100mg","30"
"APO-LENALIDOMIDE",49795454,556.37,"Promopharm S.A.R.L.",1,"Stratum E1","79022/1","5mg","28"
"APO-LENALIDOMIDE",53945075,602.74,"Promopharm S.A.R.L.",1,"Stratum E1","78922/1","10mg","28"
"APO-LENALIDOMIDE",56434848,630.56,"Promopharm S.A.R.L.",1,"Stratum E1","78822/1","15mg","21"
"APO-LENALIDOMIDE",58924620,658.38,"Promopharm S.A.R.L.",1,"Stratum E1","78722/1","25mg","21"
"APO-LETROZOLE",1962010,21.92,"Promopharm S.A.R.L.",1,"Stratum B","185831/13","2.5mg","30"
"APO-OLANZAPINE ODT",1463444,16.35,"Promopharm S.A.R.L.",1,"Stratum B","150816/1","5mg","30"
"APO-OLANZAPINE ODT",2422948,27.07,"Promopharm S.A.R.L.",1,"Stratum B","150916/1","10mg","30"
"APO-ONDANSETRON",1491665,16.67,"Promopharm S.A.R.L.",1,"Stratum B","34918/1","8mg","10"
"APO-PAROXETINE",983693,10.99,"Promopharm S.A.R.L.",1,"Stratum A2","219571/09","20mg","30"
"APO-PRAVASTATIN",872154,9.74,"Promopharm S.A.R.L.",1,"Stratum A2","208659/03","40mg","30"
"APO-PRAVASTATIN",705517,7.88,"Promopharm S.A.R.L.",1,"Stratum A1","208658/03","20mg","30"
"APO-PROPRANOLOL",411216,4.59,"Promopharm S.A.R.L.",1,"Stratum A1","MP VA 581/91","10mg","100"
"APO-PROPRANOLOL",514692,5.75,"Promopharm S.A.R.L.",1,"Stratum A1","MP VB 581/91","40mg","100"
"APO-RAMIPRIL",794211,8.87,"Promopharm S.A.R.L.",1,"Stratum A2","221713/08","5mg","30"
"APO-RAMIPRIL",1178550,13.17,"Promopharm S.A.R.L.",1,"Stratum A2","221714/08","10mg","30"
"APO-RAMIPRIL",1178550,13.17,"Promopharm S.A.R.L.",1,"Stratum A2","96388/11","10mg","30"
"APO-RAMIPRIL",1178550,13.17,"Promopharm S.A.R.L.",1,"Stratum A2","626,23.08,A1,5.18,Apotex Inc,Canada,8/11/2026","10mg","30"
"APO-RISEDRONATE",925907,10.35,"Promopharm S.A.R.L.",1,"Stratum A2","185986/13","150mg","1"
"APO-ROSUVASTATIN",599354,6.70,"Promopharm S.A.R.L.",1,"Stratum A1","186099/13","10mg","30"
"APO-ROSUVASTATIN",599354,6.70,"Promopharm S.A.R.L.",1,"Stratum A1","186100/13","20mg","30"
"APO-ROSUVASTATIN",599354,6.70,"Promopharm S.A.R.L.",1,"Stratum A1","186101/13","40mg","30"
"APO-TADALAFIL",1635456,18.27,"Promopharm S.A.R.L.",1,"Stratum B","25117/1","5mg","30"
"APO-TADALAFIL",1111358,12.42,"Promopharm S.A.R.L.",1,"Stratum A2","62920/1","20mg","4"
"APO-TADALAFIL",888280,9.92,"Promopharm S.A.R.L.",1,"Stratum A2","63020/1","10mg","4"
"APO-TAMSULOSIN CR",607417,6.79,"Promopharm S.A.R.L.",1,"Stratum A1","187401/13","0.4mg","30"
"APO-TERBINAFINE",1245742,13.92,"Promopharm S.A.R.L.",1,"Stratum A2","221407/08","250mg","30"
"APOTHECARE LORATADINE",430030,4.80,"Promopharm S.A.R.L.",1,"Stratum A1","208656/03","10mg","30"
"APREPITANT BIOGARAN",1986199,22.19,"Commercial and Trading Ressources SAL (CTR)",1,"Stratum B","186919/1","80mg","2"
"APREPITANT BIOGARAN 125MG APREPITANT BIOGARAN 80MG",2980643,33.30,"Commercial and Trading Ressources SAL (CTR)",1,"Stratum B","187019/1","1Gélule 125mg +2Gélules 80mg","1+2"
"APRIVA",41455526,463.19,"Droguerie Mercury S.A.L.",1,"Stratum E1","153921/1","30mg","60"
"APRIVA STARTER PACK",22154866,247.54,"Droguerie Mercury S.A.L.",0,"Stratum D","153821/1","10mg, 20mg, 30mg","29"
"APROVEL",651764,7.28,"Mersaco",1,"Stratum A1","27422/1","150mg","28"
"APROVEL",651764,7.28,"Mersaco",1,"Stratum A1","26722/1","300mg","28"
"APROVEL",651764,7.28,"Mersaco",1,"Stratum A1","128623/1","150mg","28"
"APROVEL",651764,7.28,"Mersaco",1,"Stratum A1","128723/1","300mg","28"
"ARACENAC",330585,3.69,"Ecopharm",1,"Stratum A1","83217/1","100mg","20"
"ARAGAM",40075575,447.77,"Droguerie Solupharm SAL",1,"Stratum E1","96585/12","5g/100ml",""
"ARAPRIDE",427342,4.77,"Medis Pharm Drugstore",1,"Stratum A1","47016/1","20mg","28"
"ARATRO",485127,5.42,"Medis Pharm Drugstore",1,"Stratum A1","106023/1","500mg","Box of 3"
"ARATRO",765990,8.56,"Medis Pharm Drugstore",1,"Stratum A2","105523/1","200mg/5ml","Bottle of 30ml"
"ARATRO",403153,4.50,"Medis Pharm Drugstore",1,"Stratum A1","105623/1","200mg/5ml","Bottle of 15ml"
"ARAVA",2230779,24.92,"Mersaco",1,"Stratum B","405421/00","10mg","30"
"ARAVA",3346168,37.39,"Mersaco",1,"Stratum B","405419/00","20mg","30"
"ARBITEN 160",544256,6.08,"Eva Pharm Plus",1,"Stratum A1","168103/10","160mg","30"
"ARBITEN 80",387027,4.32,"Eva Pharm Plus",1,"Stratum A1","168101/10","80mg","30"
"ARBITEN AM 10/160",857372,9.58,"Eva Pharm Plus",1,"Stratum A2","24914/1","10/160mg","30"
"ARBITEN AM 5/160",857372,9.58,"Eva Pharm Plus",1,"Stratum A2","24814/1","5/160mg","30"
"ARBITEN AM PLUS",857372,9.58,"Eva Pharm Plus",1,"Stratum A2","160016/1","160/5/12.5","30"
"ARBITEN PLUS",544256,6.08,"Eva Pharm Plus",1,"Stratum A1","168104/10","160/12.5mg","30"
"ARBITEN PLUS",579196,6.47,"Eva Pharm Plus",1,"Stratum A1","168105/10","160/25mg","30"
"ARBIVASTEL",667890,7.46,"Mediterranean Pharmaceutical Company",1,"Stratum A1","33818/1","80mg","28"
"ARCHIFAR",6443725,72.00,"New Allpharma",1,"Stratum B","186823/14","1g","10Vials"
"ARCHIFAR",6344280,70.89,"New Allpharma",1,"Stratum B","186824/14","500mg","10Vials"
"ARCOXIA",993100,11.10,"Droguerie de l'Union",1,"Stratum A2","193019/1","60mg","28"
"ARCOXIA",1608579,17.97,"Droguerie de l'Union",1,"Stratum B","193419/1","90mg","28"
"ARCOXIA",482439,5.39,"Droguerie de l'Union",1,"Stratum A1","192519/1","120mg","7"
"ARDBEG 80MG ADULTS",634294,7.09,"New Europharm",1,"Stratum A1","143924/1","","30Sachets"
"A-RET",335961,3.75,"C. Catafago & Co",1,"Stratum A1","97451/12","","30g"
"ARICEPT",3254787,36.37,"Droguerie Fattal  S.A.L.",1,"Stratum B","115916/1","5mg","28"
"ARICEPT",3776197,42.19,"Droguerie Fattal  S.A.L.",1,"Stratum B","115816/1","10mg","28"
"ARIMIDEX",3202377,35.78,"Omnipharma",1,"Stratum B","43821/1","1mg","28"
"ARIPEZIL 10",2292595,25.62,"Benta Trading Co s.a.l.",1,"Stratum B","115615/1","10mg","30"
"ARIPEZIL 5",1970969,22.02,"Benta Trading Co s.a.l.",1,"Stratum B","113215/1","5mg","30"
"ARIPIPAN",839902,9.38,"Pharmamedic S.A.R.L.",1,"Stratum A2","121616/1","10mg","30"
"ARIPIPAN",839902,9.38,"Pharmamedic S.A.R.L.",1,"Stratum A2","121716/1","15mg","30"
"ARIXTRA",5341774,59.68,"Abela Frères S.A.L.",1,"Stratum B","142116/1","2.5mg/0.5ml","10Prefilled syringes"
"ARIXTRA",12004668,134.13,"Abela Frères S.A.L.",1,"Stratum C","176017/1","7.5mg/0.6ml","10Prefilled syringes"
"ARIXTRA",5341774,59.68,"Abela Frères S.A.L.",1,"Stratum B","7825/1","2.5mg/0.5ml","10Prefilled syringes"
"ARIXTRA",12004668,134.13,"Abela Frères S.A.L.",1,"Stratum C","111725/1","7.5mg/0.6ml","10Prefilled syringes"
"ARKANDA 16",639925,7.15,"Benta Trading Co s.a.l.",1,"Stratum A1","129422/1","16mg","30"
"ARKANDA 8",478664,5.35,"Benta Trading Co s.a.l.",1,"Stratum A1","129222/1","8mg","30"
"ARKANDA PLUS 16/12.5",642485,7.18,"Benta Trading Co s.a.l.",1,"Stratum A1","150322/1","16mg/12.5mg","30"
"AROPEM",995723,11.13,"Raymond Georges Abou Adal & Co",1,"Stratum A2","96606/12","0.5g","1Vial"
"AROPEM",995723,11.13,"Raymond Georges Abou Adal & Co",1,"Stratum A2","96607/12","1g","1Vial"
"AROPEM",995723,11.13,"Raymond Georges Abou Adal & Co",1,"Stratum A2","158519/1","1g","1Vial"
"AROPEM",995723,11.13,"Raymond Georges Abou Adal & Co",1,"Stratum A2","158619/1","0.5g","1Vial"
"AROPEM",995723,11.13,"Raymond Georges Abou Adal & Co",1,"Stratum A2","50722/1","0.5g","1Vial"
"AROPEM",995723,11.13,"Raymond Georges Abou Adal & Co",1,"Stratum A2","50822/1","1g","1Vial"
"AROPEM",19022727,212.54,"Raymond Georges Abou Adal & Co",0,"Stratum D","158223/1","0.5g","24Vial"
"AROPEM",19022727,212.54,"Raymond Georges Abou Adal & Co",0,"Stratum D","158323/1","1g","24Vial"
"AROTAN",1527949,17.07,"Droguerie R. Pharaon & Fils S.A.L.",1,"Stratum B","165919/1","10mg","30"
"AROTAN",2014420,22.51,"Droguerie R. Pharaon & Fils S.A.L.",1,"Stratum B","166019/1","20mg","30"
"AROX",423310,4.73,"Droguerie Mercury S.A.L.",1,"Stratum A1","53722/1","0.5%","5ml"
"ART",1146298,12.81,"Wellpharm",1,"Stratum A2","133724/1","50mg","30"
"ARTICAINE MEDIS ADRENALINE",1881380,21.02,"Medis Pharm Drugstore",1,"Stratum B","187219/1","1/100000","50Cartriges of 1.8ml (articaine+adrenaline)"
"ARTINIBSA 4% WITH EPINEPHRINE 1/100000",1968729,22.00,"Richa Dental Drugstore",1,"Stratum B","67224/1","","50 cartridges"
"ARTRIX 120",511940,5.72,"Benta Trading Co s.a.l.",1,"Stratum A1","39518/1","120mg","10"
"ARTRIX 60",904854,10.11,"Benta Trading Co s.a.l.",1,"Stratum A2","39318/1","60mg","30"
"ARTRIX 90",1228656,13.73,"Benta Trading Co s.a.l.",1,"Stratum A2","39418/1","90mg","30"
"ARWAN WFI",399915,4.47,"Raymond Georges Abou Adal & Co",0,"","25017/1","","50 x 5ml"
"ARYOSEVEN RT",16902713,188.86,"Lebiran SARL",0,"Stratum D","139519/1","1mg (50KIU)","1Vial + 1Vial of solvent"
"ARYOTRUST",34948930,390.49,"Lebiran SARL",1,"Stratum E2","200319/1","440mg","1Vial"
"ARYOTRUST",21176745,236.61,"Lebiran SARL",1,"Stratum E2","200219/1","150mg","1Vial"
"ASACOL",5895437,65.87,"Taba Chemipharm",1,"Stratum B","27527","400mg","100"
"ASACOL",1703992,19.04,"Taba Chemipharm",1,"Stratum B","236712","500mg","20"
"ASACOL",6396690,71.47,"Taba Chemipharm",1,"Stratum B","219743/09","800mg","60"
"ASACOL",2748158,30.71,"Taba Chemipharm",1,"Stratum B","57620/1","1g/100ml","7enemas x 100ml"
"ASACOL",8454523,94.46,"Taba Chemipharm",1,"Stratum C","122320/1","1600mg","60"
"ASACOL",12310378,137.55,"Taba Chemipharm",1,"Stratum C","122420/1","1600mg","90"
"ASCOVA",1356641,15.16,"Droguerie de l'Union",1,"Stratum A2","24468","20mg","30"
"ASCOVA",1612611,18.02,"Droguerie de l'Union",1,"Stratum B","24469","40mg","30"
"ASCOVA",1126268,12.58,"Droguerie de l'Union",1,"Stratum A2","24467","10mg","30"
"ASIMPLEX",278175,3.11,"New Europharm",1,"Stratum A1","54923/01","250mg","1Vial"
"ASMALAT",177899,1.99,"Pharmaline S.A.L.",1,"Stratum A1","28556/93","2mg/5ml","150ml"
"ASOLFENA",971598,10.86,"Pharmamedic S.A.R.L.",1,"Stratum A2","17520/1","5mg","30"
"ASOLFENA",971598,10.86,"Pharmamedic S.A.R.L.",1,"Stratum A2","17420/1","10mg","30"
"ASPECTON COUGH SYRUP",580540,6.49,"Mediterranean Pharmaceutical Company",1,"Stratum A1","29818/1","","100ml"
"ASPI-COR",690735,7.72,"Propre S.A.R.L.",1,"Stratum A1","157715/1","81mg","120"
"ASPICOT",403153,4.50,"Pharmaline S.A.L.",1,"Stratum A1","261087/97","100mg","100"
"ASPICOT",134384,1.50,"Pharmaline S.A.L.",1,"Stratum A1","261088/97","100mg","30"
"ASPICOT",353239,3.95,"Pharmaline S.A.L.",1,"Stratum A1","140420/1","81mg","100"
"ASPIPHAR",134384,1.50,"Pharmaline S.A.L.",1,"Stratum A1","57121/1","100mg","30"
"ASPIRIN PROTECT",146479,1.64,"Nouvelle Pharm Drugstore",1,"Stratum A1","97499/12","100mg","20"
"ASPIRINE",80631,0.90,"Droguerie R. Pharaon & Fils S.A.L.",1,"Stratum A1","50114/1","0.3g","30"
"ASPIRINE C EFFERVESCENT",162605,1.82,"Nouvelle Pharm Drugstore",1,"Stratum A1","61014/1","","10"
"ASPRIVIT",186794,2.09,"Mediterranean Pharmaceutical Company",1,"Stratum A1","7324/1","","20"
"ASPROTHIN",148463,1.66,"Pharmadex",1,"Stratum A1","107114/1","81mg","30"
"ASTEFOR",935314,10.45,"Macromed S.A.R.L.",1,"Stratum A2","195719/1","400mg/30mg","30"
"ASTHALIN",325210,3.63,"Droguerie de l'Union",1,"Stratum A1","24985/07","","20 x 2.5ml"
"ATACAND",526786,5.89,"Omnipharma",1,"Stratum A1","164023/1","8mg","28"
"ATACAND",705517,7.88,"Omnipharma",1,"Stratum A1","164123/1","16mg","28"
"ATACAND PLUS",705517,7.88,"Omnipharma",1,"Stratum A1","164223/1","16mg/12.5mg","28"
"ATENOLOL BIOGARAN",295645,3.30,"Commercial and Trading Ressources SAL (CTR)",1,"Stratum A1","115222/1","50mg","30"
"ATERKEY",1053573,11.77,"Mediterranean Pharmaceutical Company",1,"Stratum A2","974055/02","20mg","28"
"ATHERO ROS",499142,5.58,"Bee Pharm SARL",1,"Stratum A1","17226/1","20mg","30"
"ATHERO ROS",499142,5.58,"Bee Pharm SARL",1,"Stratum A1","16726/1","10mg","30"
"ATONIUM",239588,2.68,"Droguerie de l'Union",1,"Stratum A1","974227/01","50mg","30"
"ATONIUM",461207,5.15,"Droguerie de l'Union",1,"Stratum A2","974230/01","100mg","30"
"ATONIUM PLUS",738473,8.25,"Droguerie de l'Union",1,"Stratum A2","974228/01","50/25mg","30"
"ATONIUM PLUS",738473,8.25,"Droguerie de l'Union",1,"Stratum A2","974229/01","100/25mg","30"
"ATOR MEDIS",305052,3.41,"Medis Pharm Drugstore",1,"Stratum A1","84523/1","10mg","30"
"ATOR MEDIS",591291,6.61,"Medis Pharm Drugstore",1,"Stratum A1","84423/1","20mg","30"
"ATOR MEDIS",694767,7.76,"Medis Pharm Drugstore",1,"Stratum A1","84323/1","40mg","30"
"ATORLIP 10",1052037,11.75,"Benta Trading Co s.a.l.",1,"Stratum B","24457/06","10mg","30"
"ATORLIP 20",1279850,14.30,"Benta Trading Co s.a.l.",1,"Stratum A2","24459/06","20mg","30"
"ATORLIP 40",1484626,16.59,"Benta Trading Co s.a.l.",1,"Stratum B","97883/12","40mg","30"
"ATORVA TAD",1087169,12.15,"Pharmamedic S.A.R.L.",1,"Stratum A2","186393/13","20mg","30"
"ATORVA TAD",677297,7.57,"Pharmamedic S.A.R.L.",1,"Stratum A1","30617/1","10mg","30"
"ATORVA TAD",1405659,15.71,"Pharmamedic S.A.R.L.",1,"Stratum A2","30717/1","40mg","30"
"ATORVAKEY-10",362837,4.05,"Mediterranean Pharmaceutical Company",1,"Stratum A1","133622/1","10mg","30"
"ATORVAKEY-20",362837,4.05,"Mediterranean Pharmaceutical Company",1,"Stratum A1","133522/1","20mg","30"
"ATORVASTATIN PHARMADEX",769190,8.59,"Pharmadex",1,"Stratum A2","186840/14","20mg","30"
"ATORVASTATINE ARROW GENERIQUES",564414,6.31,"Darapharma S.A.L.",1,"Stratum A1","79617/1","80mg","30"
"ATORVASTATINE ARROW GENERIQUES",567102,6.34,"Darapharma S.A.L.",1,"Stratum A1","97621/1","10mg","30"
"ATORVASTATINE ARROW GENERIQUES",567102,6.34,"Darapharma S.A.L.",1,"Stratum A1","97721/1","20mg","30"
"ATORVASTATINE ARROW GENERIQUES",564414,6.31,"Darapharma S.A.L.",1,"Stratum A1","38323/1","80mg","30"
"ATORVASTATINE ARROW GENERIQUES",567102,6.34,"Darapharma S.A.L.",1,"Stratum A1","8324/1","20mg","30"
"ATORVASTATINE ARROW GENERIQUES",567102,6.34,"Darapharma S.A.L.",1,"Stratum A1","10124/1","10mg","30"
"ATORVASTATINE ARROW GENERQUES",564414,6.31,"Darapharma S.A.L.",1,"Stratum A1","145021/1","40mg","30"
"ATORVASTATINE ARROW GENERQUES",564414,6.31,"Darapharma S.A.L.",1,"Stratum A1","38423/1","40mg","30"
"ATOZET",2046672,22.87,"Droguerie de l'Union",1,"Stratum B","16820/1","10mg/40mg","30"
"ATOZET",1624706,18.15,"Droguerie de l'Union",1,"Stratum B","16920/1","10mg/10mg","30"
"ATOZET",2046672,22.87,"Droguerie de l'Union",1,"Stratum B","16720/1","10mg/20mg","30"
"ATOZET",2046672,22.87,"Droguerie de l'Union",1,"Stratum B","97824/1","10mg/40mg","30"
"ATOZET",1624706,18.15,"Droguerie de l'Union",1,"Stratum B","97624/1","10mg/10mg","30"
"ATOZET",2046672,22.87,"Droguerie de l'Union",1,"Stratum B","97724/1","10mg/20mg","30"
"ATROPINE",702149,7.85,"Alfa Laboratoires S.A.L.",0,"","19/95","1mg/ml","10 x 1ml"
"ATROPINE",680315,7.60,"Alfa Laboratoires S.A.L.",0,"","20/95","0.5mg/ml","10 x 1ml"
"ATROPINE I.V.  0.25 MG.",2412129,26.95,"Alfa Laboratoires S.A.L.",0,"","21/95","0.25mg/ml","100 x 1ml"
"ATROPINE SULFATE RENAUDIN",2412129,26.95,"Minapharm Halabi",0,"","261487/97","1mg/ml","10x1ml"
"ATROPINE SULFATE RENAUDIN",2412129,26.95,"Minapharm Halabi",0,"","777,23.08,A1,4.44,Renaudin","1mg/ml","10x1ml"
"ATROPINE SULFATE RENAUDIN",2412129,26.95,"Minapharm Halabi",0,"","777,23.08,A1,4.44,Renaudin","1mg/ml","10x1ml"
"ATROPINE SULFATE RENAUDIN",2412129,26.95,"Minapharm Halabi",0,"","D0744/92","0.5mg/ml","10 x 1ml"
"ATROPINE SULFATE RENAUDIN",2412129,26.95,"Minapharm Halabi",0,"","683,23.08,A1,4.31,Renaudin","0.5mg/ml","10 x 1ml"
"ATROPINE SULFATE RENAUDIN",2412129,26.95,"Minapharm Halabi",0,"","683,23.08,A1,4.31,Renaudin","0.5mg/ml","10 x 1ml"
"ATROPINE SULFATEAGUETTANT",7805376,87.21,"Pharmamed",1,"Stratum C","83421/1","0.1mg/ml","10Prefilled Syringes"
"ATROVENT",544256,6.08,"Mersaco",1,"Stratum A1","208478","250mcg/2ml","20"
"ATROVENT",713580,7.97,"Mersaco",1,"Stratum A1","135386","500mcg/2ml","20"
"ATROVENT COMP. HFA",544256,6.08,"Mersaco",1,"Stratum A1","38682","20mcg/50mcg","10ml"
"ATROVENT N",428686,4.79,"Mersaco",1,"Stratum A1","208689/03","20mcg/puff","10ml/ 200 metered doses"
"ATYPRAL",712237,7.96,"Mediterranean Pharmaceutical Company",1,"Stratum A1","38416/1","10mg","28"
"ATYPRAL",712237,7.96,"Mediterranean Pharmaceutical Company",1,"Stratum A1","38316/1","15mg","28"
"AUBAGIO",38773533,433.22,"Mersaco",0,"Stratum D","186999/14","14mg","28"
"AUBAGIO",38773533,433.22,"Mersaco",0,"Stratum D","116423/1","14mg","28"
"AUGMENTIN",542912,6.07,"Abela Frères S.A.L.",1,"Stratum A1","142419/1","312mg/5ml","100ml"
"AUGMENTIN",639958,7.15,"Abela Frères S.A.L.",1,"Stratum A1","179118/1","625mg","20"
"AUGMENTIN",739202,8.26,"Abela Frères S.A.L.",1,"Stratum A2","174916/1","1g","14"
"AUGMENTIN DUO",524099,5.86,"Abela Frères S.A.L.",1,"Stratum A1","136024/1","457mg/5ml","70ml"
"AUGMENTIN ES",846621,9.46,"Abela Frères S.A.L.",1,"Stratum A2","166503/11","642.9mg/5ml","100ml"
"AURICULARUM",755239,8.44,"Pharmamedic S.A.R.L.",1,"Stratum A2","167115/1","","1x1"
"AURIMEL",319963,3.58,"Droguerie de l'Union",1,"Stratum A1","18540","","100ml"
"AVALON AVOBAN",460938,5.15,"C. Catafago & Co",1,"Stratum A1","222927/14","2% w/w","15g"
"AVALOX",1087169,12.15,"Droguerie R. Pharaon & Fils S.A.L.",1,"Stratum A2","973411/01","400mg","5"
"AVALOX",1521230,17.00,"Droguerie R. Pharaon & Fils S.A.L.",1,"Stratum B","973412/01","400mg","7"
"AVALOX",9052935,101.15,"Droguerie R. Pharaon & Fils S.A.L.",1,"Stratum C","208571/03","400mg/250ml","5x250ml"
"AVAMYS",722987,8.08,"Abela Frères S.A.L.",1,"Stratum A2","218766/09","27.5mcg/dose","120 doses"
"AVAMYS",722987,8.08,"Abela Frères S.A.L.",1,"Stratum A2","76221/1","27.5mcg/dose","120 doses"
"AVASTIN",24533456,274.12,"Omnipharma",0,"Stratum D","221325/08","100mg","1Vial x 4ml"
"AVASTIN",75875312,847.77,"Omnipharma",1,"Stratum E2","221326/08","400mg","1Vial x 16ml"
"AVASTIN",75875312,847.77,"Omnipharma",1,"Stratum E2","167512/10","100mg","1Vial x 4ml"
"456,19.35,D,274.12,F. Hoffmann La Roche Ltd,Switzerland,8/11/2026",75875312,847.77,"Omnipharma",1,"Stratum E2","533","100mg","1Vial x 4ml"
"AVASTIN",75875312,847.77,"Omnipharma",1,"Stratum E2","167517/10","400mg","1Vial x 16ml"
"312,2.44,E2,847.77,F. Hoffmann La Roche Ltd,Switzerland,8/11/2026",75875312,847.77,"Omnipharma",1,"Stratum E2","875","400mg","1Vial x 16ml"
"AVAXIM PEDIATRIQUE (vaccin inactivé de l'hépatite A adsorbé)",1531980,17.12,"Mersaco",1,"Stratum B","218859/09","80U","Seringue préremplie= 1dose"
"AVIRAVIR",32224230,360.05,"BroadMed SAL",0,"Stratum D","49519/1","0.5mg","30"
"AVIRAVIR",32224230,360.05,"BroadMed SAL",0,"Stratum D","49419/1","1mg","30"
"AVITAR 400",913813,10.21,"C. Catafago & Co",1,"Stratum A2","52821/1","400mg","7"
"AVITAR 400",651764,7.28,"C. Catafago & Co",1,"Stratum A1","52721/1","400mg","5"
"AVIXAN",2777275,31.03,"Droguerie de l'Union",1,"Stratum B","45720/1","2.5mg","60"
"AVIXAN",2777275,31.03,"Droguerie de l'Union",1,"Stratum B","45620/1","5mg","60"
"AVOCAINE",400465,4.47,"C. Catafago & Co",1,"Stratum A1","186351/13","10% w/w","50ml"
"AVOCOM",419279,4.68,"C. Catafago & Co",1,"Stratum A1","186265/13","0.05%","120 metered sprays"
"AVODART",2660787,29.73,"Abela Frères S.A.L.",1,"Stratum B","168319/1","0.5mg","30"
"AVONEX",70488764,787.58,"Mersaco",1,"Stratum E1","81221/1","30mcg/0.5ml","4 prefilled pens +4 needles"
"AVOQUIN",916501,10.24,"C. Catafago & Co",1,"Stratum A2","181820/1","4%","50g"
"AVOTIN-A",440780,4.92,"C. Catafago & Co",1,"Stratum A1","165220/1","0.05%","30g"
"AXETINE",1193332,13.33,"New Allpharma",1,"Stratum A2","79316/1","750mg","10Vials"
"AXETINE",2273782,25.41,"New Allpharma",1,"Stratum B","79416/1","1.5g","10Vials"
"AXIPRON",373358,4.17,"Droguerie de l'Union",1,"Stratum A1","974221/01","20mg","14"
"AXONE",4047654,45.23,"Picomed SARL",1,"Stratum B","208619/03","1g","10"
"AXONE 1G IM",438093,4.89,"Picomed SARL",1,"Stratum A1","67018/1","1g","1Vial+1Ampoules of lidocaine 1% 5ml"
"AXONE 500MG IM",393746,4.40,"Picomed SARL",1,"Stratum A1","67118/1","500mg","1Vial+1Ampoules of lidocaine 1% 5ml"
"AYECLAV-T",338648,3.78,"Cure Pharmaceutical",1,"Stratum A1","145623/1","","2X7"
"AZACITIDINE ARROW",10967854,122.55,"Darapharma S.A.L.",1,"Stratum C","55424/1","25mg/ml","Boite de 1Flacon"
"AZACITIDINE EVER PHARMA",10967854,122.55,"Codipha",1,"Stratum C","151322/1","25mg/ml",""
"AZACITIDINE NEAPOLIS",9401575,105.05,"Medis Pharm Drugstore",1,"Stratum C","99219/1","100mg","Box of 1Vial"
"AZACITIDINE SHILPA",7350062,82.12,"Levant Pulse SARL",1,"Stratum C","92424/1","100mg","1Vial"
"AZACITIDINE SPC",10706993,119.63,"Advanced Healthcare Services SAL",1,"Stratum C","177720/1","100mg","1Vial"
"AZELTIN",435405,4.86,"BroadMed SAL",1,"Stratum A1","19824/1","500mg","3"
"AZICIN 250 BENTA",423630,4.73,"Benta Trading Co s.a.l.",1,"Stratum A1","97545/11","250mg","6"
"AZICIN 500 BENTA",573373,6.41,"Benta Trading Co s.a.l.",1,"Stratum A1","97546/11","500mg","3"
"AZM-500",448843,5.02,"Ecopharm",1,"Stratum A1","110516/1","","3"
"AZOMYCIN",365525,4.08,"Pharmanet Drugstore S.A.R.L.",1,"Stratum A1","973745/02","200mg/5ml","15ml"
"AZOMYCIN",361494,4.04,"Pharmanet Drugstore S.A.R.L.",1,"Stratum A1","973735/02","250mg","6"
"AZOMYCIN",603385,6.74,"Pharmanet Drugstore S.A.R.L.",1,"Stratum A1","24744/07","200mg/5ml","30ml"
"AZOMYNE",385683,4.31,"Macromed S.A.R.L.",1,"Stratum A1","974059/02","250mg","6"
"AZOMYNE",237860,2.66,"Macromed S.A.R.L.",1,"Stratum A1","974064/02","200mg/5ml","15ml"
"AZONIT - D",225766,2.52,"Picomed SARL",1,"Stratum A1","208552/03","","20g"
"AZOPT",499909,5.59,"Khalil Fattal & Fils S.A.L.",1,"Stratum A1","94518/1","10mg/ml","5ml"
"AZOX 250",346711,3.87,"C. Catafago & Co",1,"Stratum A1","974043/02","250mg","6"
"AZOX 250",354774,3.96,"C. Catafago & Co",1,"Stratum A1","28218/1","250mg","6"
"AZYTER",412560,4.61,"Square One Group Pharma SAL",1,"Stratum A1","4020/1","15mg/g","6 recipients unidose"
"BACLOCALM",928595,10.38,"Interpharma S.A.L.",1,"Stratum A2","84519/1","25mg","Pack of 50"
"BACLOCALM",589947,6.59,"Interpharma S.A.L.",1,"Stratum A1","84419/1","10mg","Pack of 50"
"BACTALL 500",292958,3.27,"C. Catafago & Co",1,"Stratum A1","24111/06","500mg","10"
"BACTILAM",6198314,69.25,"Medis Pharm Drugstore",1,"Stratum B","92224/1","500mg","1000"
"BACTRIM FORTE",344024,3.84,"Omnipharma",1,"Stratum A1","92822/1","","10"
"BANEOCIN",173356,1.94,"Khalil Fattal & Fils S.A.L.",1,"Stratum A1","","","20g"
"BASAGLAR KWIKPEN",4114846,45.98,"Droguerie de l'Union",1,"Stratum B","106716/1","100U/ml","5 prefilled pen"
"BATRAMYCIN",249955,2.79,"Mediterranean Pharmaceutical Company",1,"Stratum A1","21325/1","","20g"
"BAVENCIO",101243761,1,131.22,"Food & Drug Corporation FDC",1,"Stratum E2","179019/1","20mg/ml","1Vial (10ml)"
"BAXDELA",93777847,1,047.80,"Droguerie de l'Union",1,"Stratum E2","181520/1","450mg","20"
"BAXDELA",78349010,875.41,"Droguerie de l'Union",1,"Stratum E1","16321/1","300mg","10Vials"
"BBDOL-OR",188138,2.10,"Alfa Laboratoires S.A.L.",1,"Stratum A1","61022/1","","100ml"
"B-BLOK SDK",295645,3.30,"BroadMed SAL",1,"Stratum A1","77022/1","50mg","30"
"B-BLOK SDK",282207,3.15,"BroadMed SAL",1,"Stratum A1","77222/1","25mg","30"
"BCG-MEDAC",18750588,209.50,"Mersaco",0,"Stratum D","185844/13","","1Vial"
"B-COR 10",595322,6.65,"The Lebanese Pharmacists SAL",1,"Stratum A1","194101/05","","30"
"B-COR 2.5",149167,1.67,"The Lebanese Pharmacists SAL",1,"Stratum A1","219480/10","2.5mg","30"
"B-COR 5",296989,3.32,"The Lebanese Pharmacists SAL",1,"Stratum A1","194106/05","","30"
"BEBE-VIT",287582,3.21,"Macromed S.A.R.L.",1,"Stratum A1","219471/09","","30ml"
"BECAPLEX",38029953,424.92,"Benta Trading Co s.a.l.",1,"Stratum E1","222235/07","0.01%","15g"
"BECOZYM FORTE",290270,3.24,"Nouvelle Pharm Drugstore",1,"Stratum A1","3561","","20"
"BECOZYME",662514,7.40,"Nouvelle Pharm Drugstore",1,"Stratum A1","154714/1","","12 Ampoules"
"BEDRANOL",247267,2.76,"Mediterranean Pharmaceutical Company",1,"Stratum A1","25799","10mg","60"
"BEDRANOL",247267,2.76,"Mediterranean Pharmaceutical Company",1,"Stratum A1","25800","40mg","60"
"BENDAFOLIN",3584028,40.05,"BroadMed SAL",1,"Stratum B","10521/1","10mg/ml",""
"BENDAMUSTINE HYDROCHLORIDE",19610153,219.11,"Mediterranean Pharmaceutical Company",0,"Stratum D","151616/1","2.5mg/ml (25mg)","5vials x 10ml"
"BENDAMUSTINE HYDROCHLORIDE",78439178,876.42,"Mediterranean Pharmaceutical Company",1,"Stratum E2","151516/1","2.5mg/ml (100mg)","5vials x 50ml"
"BENDAMUSTINE HYDROCHLORIDE PHARMINICIO",78439178,876.42,"Mediterranean Pharmaceutical Company",1,"Stratum E2","113622/1","2.5mg/ml (100mg)","5vials x 50ml"
"BENDAMUSTINE MEDAC",16887989,188.69,"Mersaco",0,"Stratum D","22917/1","2.5mg/ml (100mg)","1 vial"
"BENDAMUSTINE MEDAC",24934922,278.60,"Mersaco",0,"Stratum D","23017/1","2.5mg/ml (25mg)","5 vial"
"BENDANUSTINE ARROW",23627731,264.00,"Karout pharmacy",0,"Stratum D","13225/1","2.5mg/ml (25mg)","Boite de 5flacons"
"BENDANUSTINE ARROW",88903468,993.33,"Karout pharmacy",1,"Stratum E2","13325/1","2.5mg/ml (100mg)","Boite de 5flacons"
"BENDAVIVAL",26072618,291.31,"Abela Frères S.A.L.",0,"Stratum D","100717/1","100mg","1Vial"
"BENEFIX",27390281,306.04,"Mersaco",0,"Stratum D","179219/1","500IU","1Vial + 1prefilled syringe + 1injection set"
"BENTA D 10.000",895895,10.01,"Benta Trading Co s.a.l.",1,"Stratum A2","96730/12","10,000IU","30"
"BENTAFLOX 500",831903,9.30,"Benta Trading Co s.a.l.",1,"Stratum A2","60426/1","500mg","7"
"BENZAC AC",388370,4.34,"Raymond Georges Abou Adal & Co",1,"Stratum A1","27095","5%","60g"
"BENZAC AC",416591,4.65,"Raymond Georges Abou Adal & Co",1,"Stratum A1","27096","10%","60g"
"BENZHEXOL",533697,5.96,"Pharmapro",1,"Stratum A1","2234/94","5mg","100"
"BENZIMIR",16887989,188.69,"New Europharm",0,"Stratum D","41723/01","100mg","1 single use vial"
"BEOVU",42752178,477.68,"Khalil Fattal & Fils S.A.L.",1,"Stratum E1","81520/1","120mg/ml","1pre-filled syringe"
"BEPANTHEN PLUS",319835,3.57,"Nouvelle Pharm Drugstore",1,"Stratum A1","25310","5%","30g"
"BERIATE",14098526,157.53,"Benta Trading Co s.a.l.",0,"Stratum D","14817/1","250IU","Dry substance + Solvent"
"BERIATE",28437886,317.74,"Benta Trading Co s.a.l.",0,"Stratum D","14917/1","500IU","Dry substance + Solvent"
"BESPONSA FOR INJECTION",921176511,10,292.47,"Droguerie Fattal  S.A.L.",1,"Stratum E2","147918/1","0.9mg/Vial","Pack of 1Vial"
"BETA-CAL",1251117,13.98,"Medway Healthcare SARL Single Partner",1,"Stratum A2","27623/1","","30g"
"BETA-CAL",1574983,17.60,"Medway Healthcare SARL Single Partner",1,"Stratum B","27523/1","","30g"
"BETAFUCIN",210983,2.36,"Germanos Health Care Supplies SARL",1,"Stratum A1","97884/12","","15g"
"BETAHISTINE ARROW",362837,4.05,"Darapharma S.A.L.",1,"Stratum A1","81220/1","16mg","45"
"BETAHISTINE ARROW GENERIQUES",749864,8.38,"Darapharma S.A.L.",1,"Stratum A2","102723/1","24mg","60"
"BETALOC ZOK",491846,5.50,"Omnipharma",1,"Stratum A1","167169/10","50mg","30"
"BETALOC ZOK",219046,2.45,"Omnipharma",1,"Stratum A1","185823/13","25mg","14"
"BETA-MICOTER",415951,4.65,"Pharmamedic S.A.R.L.",1,"Stratum A1","222378/08","","40g"
"BETAMOX ES",592635,6.62,"Pharmamedic S.A.R.L.",1,"Stratum A1","28820/1","","100ml"
"BETAMOX PLUS",717661,8.02,"Pharmamedic S.A.R.L.",1,"Stratum A1","105825/1","875mg+125mg","16"
"BETASERC",1623708,18.14,"Mersaco",1,"Stratum B","167820/1","16mg","60"
"BETASONE",120306,1.34,"Pharmaline S.A.L.",1,"Stratum A1","26556/88","1mg/g","15g"
"BETASONE-N",398033,4.45,"Pharmaline S.A.L.",1,"Stratum A1","26589/89","","15g"
"BETIXIM 100",700142,7.82,"Macromed S.A.R.L.",1,"Stratum A1","208015/03","","60ml"
"BETIXIM 100",348055,3.89,"Macromed S.A.R.L.",1,"Stratum A1","194491/05","","30ml"
"BETIXIM 400",1026696,11.47,"Macromed S.A.R.L.",1,"Stratum A2","208034/03","400mg","5"
"BETMIGA",3758727,42.00,"Mersaco",1,"Stratum B","27414/1","50mg","30"
"BETNOVATE",235172,2.63,"Abela Frères S.A.L.",1,"Stratum A1","236445/98","0.1%","30ml"
"BETNOVATE",279519,3.12,"Abela Frères S.A.L.",1,"Stratum A1","27179","0.1% w/w","30g"
"BETNOVATE",279519,3.12,"Abela Frères S.A.L.",1,"Stratum A1","27180","0.1% w/w","30g"
"BEVACIREL",49744595,555.81,"Levant Pulse SARL",1,"Stratum E1","106923/1","400mg/16ml","1Vial"
"BEVACIREL",14719570,164.46,"Levant Pulse SARL",0,"Stratum D","107023/1","100mg/4ml","1Vial"
"BEVACOL 135",532162,5.95,"C. Catafago & Co",1,"Stratum A1","208672/03","135mg","48"
"BGLAU",638325,7.13,"Abela Frères S.A.L.",1,"Stratum A1","129018/1","","5ml"
"BIAFINE",524099,5.86,"Biopharm",1,"Stratum A1","27703","","100ml/93g"
"BICALUTAMIDE ACCORD",1382814,15.45,"Mediterranean Pharmaceutical Company",1,"Stratum A2","103816/1","50mg","28"
"BICALUTAMIDE BIOGARAN",4315078,48.21,"Commercial and Trading Ressources SAL (CTR)",1,"Stratum B","51722/1","50mg","30"
"BICALUTAMIDE GP PHARM",1306215,14.59,"Mediterranean Pharmaceutical Company",1,"Stratum A2","111122/1","50mg","28"
"BICAMIDE",1451753,16.22,"Nobel Pharm Plus SARL",1,"Stratum B","222451/08","50mg","28"
"BIKTARVY",76569138,855.52,"Khalil Fattal & Fils S.A.L.",1,"Stratum E1","173218/1","50mg/200mg/25mg","30"
"BINOCRIT",16325433,182.41,"Khalil Fattal & Fils S.A.L.",0,"Stratum D","166905/11","10,000IU/ml","6 Prefilled syringes"
"BINOCRIT",5582795,62.38,"Khalil Fattal & Fils S.A.L.",1,"Stratum C","166903/11","4,000IU/0.4ml","6 Prefilled syringes"
"BINOCRIT",11726826,131.03,"Khalil Fattal & Fils S.A.L.",0,"Stratum D","97990/12","40,000IU/ml","1 Prefilled syringe"
"BINOCRIT",6803873,76.02,"Khalil Fattal & Fils S.A.L.",1,"Stratum B","166901/11","2,000IU/ml","6 Prefilled syringes"
"BINOSTO",1709368,19.10,"Interpharma S.A.L.",1,"Stratum B","103119/1","70mg","4"
"BIOCARBON",1158392,12.94,"Mersaco",1,"Stratum A2","113717/1","250mg","50"
"BIO-D3 25000IU",1130108,12.63,"Benta Trading Co s.a.l.",1,"Stratum A2","79318/1","25.000IU","15"
"BIO-D3 25000IU",2147588,24.00,"Benta Trading Co s.a.l.",1,"Stratum B","14519/1","25.000IU","30"
"BIODAL",1110014,12.40,"Macromed S.A.R.L.",1,"Stratum A2","59216/1","50,000IU","12"
"BIODROXIL",496382,5.55,"Khalil Fattal & Fils S.A.L.",1,"Stratum A1","1216/1","500mg","12"
"BIODROXIL",1091442,12.19,"Khalil Fattal & Fils S.A.L.",1,"Stratum A2","1316/1","1000mg","12"
"BIOGEST",2328879,26.02,"Premium Serve Drugstore Co. P.S.D. SAL",1,"Stratum B","219474/10","100mg","10Ampoules x 2ml"
"BIOGEST",1804780,20.17,"Premium Serve Drugstore Co. P.S.D. SAL",1,"Stratum B","166972/11","200mg","30"
"BIOGEST",1083137,12.10,"Premium Serve Drugstore Co. P.S.D. SAL",1,"Stratum A2","118424/1","400mg","15"
"BIOLASOMIDE",181419,2.03,"BroadMed SAL",1,"Stratum A1","113621/1","40mg","50"
"BIPAX",363477,4.06,"Medapharm Healthcare SAL",1,"Stratum A1","194794/05","","30"
"BI-PRETERAX ARGININE",452875,5.06,"Khalil Fattal & Fils S.A.L.",1,"Stratum A1","221706/08","5mg/1.25mg","30"
"BI-PRETERAX ARGININE",765990,8.56,"Khalil Fattal & Fils S.A.L.",1,"Stratum A2","166647/11","10mg/2.5mg","30"
"BI-PROFENID LP",392402,4.38,"Mersaco",1,"Stratum A1","167844/11","100mg","20"
"BISCORDEX",406992,4.55,"Medi drug International SAL (MDI)",1,"Stratum A1","24945/07","5mg","30"
"BISCORDEX",789667,8.82,"Medi drug International SAL (MDI)",1,"Stratum A2","24944/07","10mg","30"
"BISCORDEX PLUS",723115,8.08,"Medi drug International SAL (MDI)",1,"Stratum A1","166532/11","","30"
"BISOCOR 10",460746,5.15,"Benta Trading Co s.a.l.",1,"Stratum A2","24718/07","10mg","30"
"BISOCOR 2.5",207336,2.32,"Benta Trading Co s.a.l.",1,"Stratum A1","35223/1","2.5mg","30"
"BISOCOR 5",345560,3.86,"Benta Trading Co s.a.l.",1,"Stratum A1","24714/07","5mg","30"
"BISOCOR 5",345560,3.86,"Benta Trading Co s.a.l.",1,"Stratum A1","35123/1","5mg","30"
"BISOCOR 5 PLUS",678321,7.58,"Benta Trading Co s.a.l.",1,"Stratum A1","222455/08","5mg/12.5mg","30"
"BISOPROLOL NORMON",321178,3.59,"Droguerie Phenicia",1,"Stratum A1","23881/07","5mg","30"
"BISOPROLOL NORMON",372244,4.16,"Droguerie Phenicia",1,"Stratum A1","23882/07","10mg","30"
"BISOPROLOL NORMON",235172,2.63,"Droguerie Phenicia",1,"Stratum A1","66314/1","2.5mg","28"
"BISOPROLOL QUIVER LAB",292958,3.27,"Darapharma S.A.L.",1,"Stratum A1","121720/1","2.5mg","30"
"BISOPROLOL QUIVER LAB",544256,6.08,"Darapharma S.A.L.",1,"Stratum A1","121820/1","3.75mg","30"
"BISOPROLOL QUIVER LAB",544256,6.08,"Darapharma S.A.L.",1,"Stratum A1","121920/1","7.5mg","30"
"BISOPROLOL QUIVER LAB",264737,2.96,"Darapharma S.A.L.",1,"Stratum A1","57824/1","5mg","30"
"BISOPROLOL QUIVER LAB",526786,5.89,"Darapharma S.A.L.",1,"Stratum A1","57924/1","10mg","30"
"BISOPROLOL REF",272800,3.05,"Commercial and Trading Ressources SAL (CTR)",1,"Stratum A1","72222/1","2.5mg","30"
"BISOPROLOL REF",272800,3.05,"Commercial and Trading Ressources SAL (CTR)",1,"Stratum A1","72422/1","5mg","30"
"BISOPROLOL REF",544256,6.08,"Commercial and Trading Ressources SAL (CTR)",1,"Stratum A1","72322/1","10mg","30"
"BIVASTINA 100",22840337,255.20,"Benta Trading Co s.a.l.",0,"Stratum D","96721/1","100mg/4ml","2Vials"
"BIVASTINA 100",12021318,134.32,"Benta Trading Co s.a.l.",0,"Stratum D","130823/1","100mg/4ml","1Vial"
"BIVASTINA 400",92353609,1,031.88,"Benta Trading Co s.a.l.",1,"Stratum E2","96821/1","400mg/16ml","2Vials"
"BIVASTINA 400",53111763,593.43,"Benta Trading Co s.a.l.",1,"Stratum E1","6524/1","400mg/16ml","1Vial"
"BLASTOFERON",55847685,624.00,"Droguerie Phenicia",1,"Stratum E1","57317/1","44mcg","12 disposable Prefilled syringes"
"BLASTOFERON",40725735,455.04,"Droguerie Phenicia",1,"Stratum E1","57217/1","22mcg","12 disposable Prefilled syringes"
"BLEO-CELL",3817857,42.66,"Drugstore 3U S.A.R.L.",1,"Stratum B","186649/13","15mg","1Vial"
"BLEOCIN",2109833,23.57,"Mediterranean Pharmaceutical Company",1,"Stratum B","23825/1","15U","1Vial"
"BLINCYTO",239128127,2,671.82,"Mersaco",1,"Stratum E2","161415/1","35mcg","1 Single use Vial for Intavenous infusion"
"BLOKIUM 100MG",377620,4.22,"Droguerie Phenicia",1,"Stratum A1","27946/95","100mg","30"
"BLOKIUM 50MG",186794,2.09,"Droguerie Phenicia",1,"Stratum A1","27945/95","50mg","30"
"BLOPRESS",806306,9.01,"Abela Frères S.A.L.",1,"Stratum A2","405698/00","8mg","28"
"BLOPRESS",1040134,11.62,"Abela Frères S.A.L.",1,"Stratum A2","974041/02","16mg","28"
"BLOPRESS PLUS 16MG",1040134,11.62,"Abela Frères S.A.L.",1,"Stratum A2","23609/06","","28"
"BLOPRESS PLUS 8MG",806306,9.01,"Abela Frères S.A.L.",1,"Stratum A2","24537/07","","28"
"BLOVEK",511940,5.72,"Droguerie de l'Union",1,"Stratum A1","114621/1","5mg","30"
"BODERM",749992,8.38,"Benta Trading Co s.a.l.",1,"Stratum A2","97115/1","250mg","15"
"BONAFOR",383955,4.29,"Pharmaline S.A.L.",1,"Stratum A1","4019/1","150mg","1"
"BONDRONAT",383955,4.29,"Omnipharma",1,"Stratum A1","28719/1","6mg/6ml","1vial"
"868,19.35,D,278.93,Atnahs Pharma UK Limited,UK,8/11/2026",383955,4.29,"Omnipharma",1,"Stratum A1","963","6mg/6ml","1vial"
"BONTEO",17383843,194.23,"Food & Drug Corporation FDC",0,"Stratum D","14223/1","20mcg/80mcl per dose","1prefilled pen"
"BONVIVA",1265900,14.14,"Omnipharma",1,"Stratum A2","40219/1","150mg","1"
"BOOSTRIX",1394909,15.59,"Abela Frères S.A.L.",1,"Stratum A2","218895/09","","1 Prefilled syringe 0.5ml + 2 needles"
"BORCADE",11020381,123.13,"Benta Trading Co s.a.l.",0,"Stratum D","186162/13","3.5mg","1 vial"
"BORCADE",11020381,123.13,"Benta Trading Co s.a.l.",0,"Stratum D","189319/1","3.5mg","1 vial"
"BORTEZOMIB ACCORD",13007658,145.34,"Mediterranean Pharmaceutical Company",1,"Stratum C","146117/1","3.5mg","1Vial"
"BORTEZOMIB NEAPOLIS",14169600,158.32,"Medis Pharm Drugstore",0,"Stratum D","87420/1","3.5mg","box of 1Vial of 10ml"
"BORTEZOMIB PHARMINICIO",13007658,145.34,"Mediterranean Pharmaceutical Company",1,"Stratum C","110122/1","3.5mg","1Vial"
"BORTEZOMIB SHILPA",9902420,110.64,"Levant Pulse SARL",1,"Stratum C","128824/1","3.5mg","1Vial"
"BORTEZOMIB SPC",15743401,175.90,"Advanced Healthcare Services SAL",0,"Stratum D","177320/1","3.5mg","1Vial"
"BOSENTAN ARROW",51483159,575.23,"Darapharma S.A.L.",1,"Stratum E1","179517/1","62.5mg","56"
"BOSENTAN ARROW",51483159,575.23,"Darapharma S.A.L.",1,"Stratum E1","179417/1","125mg","56"
"BOSULIF",35663747,398.48,"Droguerie Fattal  S.A.L.",0,"Stratum D","60519/1","100mg","28"
"BOSULIF",123564667,1,380.61,"Droguerie Fattal  S.A.L.",1,"Stratum E2","60619/1","400mg","28"
"BOSULIF",154453246,1,725.73,"Droguerie Fattal  S.A.L.",1,"Stratum E2","60719/1","500mg","28"
"BOTOX",18625995,208.11,"Mersaco",0,"Stratum D","405431/00","100 Allergan units","1Vial"
"BOTOX",18625995,208.11,"Mersaco",0,"Stratum D","137822/1","100 Allergan units","1Vial"
"BOTOX",18625995,208.11,"Mersaco",0,"Stratum D","208025/1","100 Allergan units","1Vial"
"BRADIREM",18625995,208.11,"Droguerie Columbus",0,"Stratum D","173618/1","5mg","56"
"203,23.08,A2,12.67,Remedica Ltd",18625995,208.11,"Droguerie Columbus",0,"Stratum D","134","5mg","56"
"203,23.08,A2,12.67,Remedica Ltd",18625995,208.11,"Droguerie Columbus",0,"Stratum D","134","5mg","56"
"BRADIREM",18625995,208.11,"Droguerie Columbus",0,"Stratum D","173518/1","7.5mg","56"
"203,23.08,A2,12.67,Remedica Ltd",18625995,208.11,"Droguerie Columbus",0,"Stratum D","134","7.5mg","56"
"203,23.08,A2,12.67,Remedica Ltd",18625995,208.11,"Droguerie Columbus",0,"Stratum D","134","7.5mg","56"
"BRAFTOVI",70084833,783.07,"Droguerie Fattal  S.A.L.",1,"Stratum E1","108622/1","50mg","28"
"BRAFTOVI",149227143,1,667.34,"Droguerie Fattal  S.A.L.",1,"Stratum E2","108722/1","75mg","42"
"BRAVIGO",1237679,13.83,"Nobel Pharm Plus SARL",1,"Stratum A2","79620/1","7.5mg","56"
"BRAVIGO",1237679,13.83,"Nobel Pharm Plus SARL",1,"Stratum A2","79520/1","5mg","56"
"BREXIN",487815,5.45,"Sadco",1,"Stratum A1","135268","","20"
"BREZTRI AEROSPHERE",6705774,74.92,"Omnipharma",1,"Stratum B","52622/1","5mcg/7.2mcg/160mcg","1inhaler 120actuations Dessicated flow path (DFP)"
"BRIDION",54230830,605.93,"Droguerie de l'Union",1,"Stratum E1","22615/1","100mg/ml","10vialsx2ml"
"BRILINTA",5544694,61.95,"Omnipharma",1,"Stratum B","166754/11","90mg","56"
"BRIMO",658483,7.36,"Droguerie Mercury S.A.L.",1,"Stratum A1","166968/11","0.2%","5ml"
"BRIMOGAN",483783,5.41,"Pharmamedic S.A.R.L.",1,"Stratum A1","185839/13","0.2% w/v","5ml"
"BRIMONIDINE BIOGARAN",412560,4.61,"Commercial and Trading Ressources SAL (CTR)",1,"Stratum A1","115122/1","0.2% (2mg/ml)","Flacon de 5ml"
"BRINAVESS",41821582,467.28,"Droguerie de l'Union",1,"Stratum E1","71420/1","20mg/ml","1Vial"
"BRINTELLIX",6927508,77.40,"Sadco",1,"Stratum B","137714/1","20mg","28"
"BRINTELLIX",4345987,48.56,"Sadco",1,"Stratum B","137614/1","10mg","28"
"BRINTELLIX",2592272,28.96,"Sadco",1,"Stratum B","137514/1","5mg","28"
"BRIVIACT",9627931,107.57,"Sadco",1,"Stratum C","5119/1","25mg","56"
"BRIVIACT",9627931,107.57,"Sadco",1,"Stratum C","5219/1","50mg","56"
"BRIVIACT",10314804,115.25,"Sadco",1,"Stratum C","15219/1","10mg/ml","300ml"
"BROMAZEPAM BIOGARAN",180075,2.01,"Commercial and Trading Ressources SAL (CTR)",1,"Stratum A1","51622/1","6mg","30"
"BROMEX",250851,2.80,"Medapharm Healthcare SAL",1,"Stratum A1","147119/1","","120ml"
"BROMHEXINE",176619,1.97,"Droguerie Cedarspharm S.A.R.L.",1,"Stratum A1","2231/94","4mg/5ml","90ml"
"BRONCHOPHANE",115570,1.29,"United SAL",1,"Stratum A1","973395/01","","125ml"
"BRONCHO-VAXOM ADULTS",2746814,30.69,"UPO S.A.L.",1,"Stratum B","96221/11","7mg","30"
"BRONCHO-VAXOM CHILDREN",1988887,22.22,"UPO S.A.L.",1,"Stratum B","96222/11","3.5mg","30"
"BROT",327898,3.66,"New Allpharma",1,"Stratum A1","218588/10","850mg","30"
"BRUFEN",364181,4.07,"Mersaco",1,"Stratum A1","185998/13","100mg/5ml","100ml"
"BRUFEN",454518,5.08,"Mersaco",1,"Stratum A1","219572/09","400mg","30"
"BRUFEN",544226,6.08,"Mersaco",1,"Stratum A1","219579/09","600mg","30"
"BRUMIXOL",795555,8.89,"Soins et Santé",1,"Stratum A2","208862/03","100mg","6"
"BRUNISTILL",940690,10.51,"Pharmamedic S.A.R.L.",1,"Stratum A2","097668/11","250mcg/ml","20 unidose  of 0.5ml"
"BRUXICAM",530818,5.93,"Pharmamedic S.A.R.L.",1,"Stratum A1","45416/1","0.5%","1 Bottle of 10ml"
"BUCAINE HEAVY",1423129,15.90,"Interpharma S.A.L.",1,"Stratum A2","72924/1","0.5% 20mg/4ml (5mg/ml)","5Ampoules of 4ml"
"BUDECORT",1226928,13.71,"Droguerie de l'Union",1,"Stratum A2","221174/08","1mg","20"
"BUDECORT 200",808993,9.04,"Droguerie de l'Union",1,"Stratum A2","222434/08","","200 Metered doses"
"BUDENA",823775,9.20,"Mediterranean Pharmaceutical Company",1,"Stratum A2","104319/1","50mcg/actuation","200puffs (10ml)"
"BUDENA",1065667,11.91,"Mediterranean Pharmaceutical Company",1,"Stratum A2","6125/1","200mcg/actuation","200puffs (10ml)"
"BUDENOFALK",8554692,95.58,"Meksapharma SARL",1,"Stratum C","96731/12","3mg","100"
"BUDENOSIN",1209458,13.51,"Medis Pharm Drugstore",1,"Stratum A2","74324/1","0.5mg/ml","20Single dose Vials"
"BUDESONIDE ARROW",1342499,15.00,"Darapharma S.A.L.",1,"Stratum A2","141316/1","0.5mg/2ml","Récipient unidose x20"
"BUDESONIDE ARROW",1342499,15.00,"Darapharma S.A.L.",1,"Stratum A2","172516/1","1mg/2ml","Récipient unidose x20"
"BUDESONIDE ARROW",1342499,15.00,"Darapharma S.A.L.",1,"Stratum A2","98317/1","0.5mg/2ml","Récipient unidose x20"
"BUDESONIDE ARROW",1342499,15.00,"Darapharma S.A.L.",1,"Stratum A2","98217/1","1mg/2ml","Récipient unidose x20"
"BUFOMIX EASYHALER",2365163,26.43,"UPO S.A.L.",1,"Stratum B","99620/1","160mcg/4.5mcg","120doses"
"BUFOMIX EASYHALER",1182581,13.21,"UPO S.A.L.",1,"Stratum A2","99720/1","160mcg/4.5mcg","60doses"
"BUFOMIX EASYHALER",2365163,26.43,"UPO S.A.L.",1,"Stratum B","99520/1","320mcg/9mcg","60doses"
"BUPENSAN",1259180,14.07,"Bellapharma S.A.R.L.",1,"Stratum A2","6422/1","8mg","7"
"BUPIVACAINE AGUETTANT 2.5MG/ML",1259180,14.07,"Bellapharma S.A.R.L.",1,"Stratum A2","24496/06","8mg","7"
"063,23.08,B,30.57,,,8/11/2026",1259180,14.07,"Bellapharma S.A.R.L.",1,"Stratum A2","736","8mg","7"
"BUPIVACAINE AGUETTANT 5MG/ML",3078743,34.40,"Pharmamed",1,"Stratum B","24497/06","100mg/20ml","10vialsx20ml"
"BUPIVACAINE AGUETTANT for spinal anaesthesia",1554826,17.37,"Pharmamed",1,"Stratum B","50021/1","20mg/4ml","5ampoules x4ml"
"BUPIVACAINE HEAVY PANPHARMA",2586897,28.90,"Minapharm Halabi",1,"Stratum B","181920/1","5mg/ml (20mg/4ml)","10Ampoules"
"BUPRENORPHINE ARROW",1115389,12.46,"Minapharm Halabi",1,"Stratum A2","218890/09","8mg","7"
"BUPRENORPHINE ARROW",563070,6.29,"Minapharm Halabi",1,"Stratum A1","218892/09","2mg","7"
"BURINEX",335961,3.75,"UPO S.A.L.",1,"Stratum A1","132719/1","1mg","20"
"BURINEX",1054916,11.79,"UPO S.A.L.",1,"Stratum A2","182019/1","5mg","20"
"BUSCOPAN",692079,7.73,"Mersaco",1,"Stratum A1","43118/1","","50"
"BUSCOPAN",291614,3.26,"Mersaco",1,"Stratum A1","43018/1","","20"
"BUTALIN",122290,1.37,"Pharmanet Drugstore S.A.R.L.",1,"Stratum A1","208332/02","2mg/5ml","120ml"
"BUTALIN",145135,1.62,"Pharmanet Drugstore S.A.R.L.",1,"Stratum A1","208296/03","100mcg/dose","200 metered doses"
"BUTO-ASMA",237860,2.66,"Mediterranean Pharmaceutical Company",1,"Stratum A1","108816/1","","200 doses"
"BUTOSOL",548288,6.13,"Mediterranean Pharmaceutical Company",1,"Stratum A1","168224/10","","10ml"
"BUVIDAL",8524771,95.25,"Mersaco",1,"Stratum C","58921/1","8mg","1Prefilled syringe"
"BUVIDAL",8524771,95.25,"Mersaco",1,"Stratum C","59021/1","16mg","1Prefilled syringe"
"BUVIDAL",8524771,95.25,"Mersaco",1,"Stratum C","59121/1","24mg","1Prefilled syringe"
"BUVIDAL",8524771,95.25,"Mersaco",1,"Stratum C","59221/1","32mg","1Prefilled syringe"
"BUVIDAL",34835645,389.23,"Mersaco",0,"Stratum D","59321/1","64mg","1Prefilled syringe"
"BUVIDAL",34835645,389.23,"Mersaco",0,"Stratum D","59421/1","96mg","1Prefilled syringe"
"BUVIDAL",34835645,389.23,"Mersaco",0,"Stratum D","59521/1","128mg","1Prefilled syringe"
"BYANNLI",141223863,1,577.92,"Mersaco",1,"Stratum E2","67824/1","1000mg","1prefilled syringe + 1needle"
"BYANNLI",96913302,1,082.83,"Mersaco",1,"Stratum E2","67724/1","700mg","1prefilled syringe + 1needle"
"CABAZITAXEL AQVIDA",52933046,591.43,"Mediterranean Pharmaceutical Company",1,"Stratum E1","199925/1","60mg/3ml","1Vial"
"CABAZITAXEL EVER PHARMA",56690955,633.42,"Droguerie R. Pharaon & Fils S.A.L.",1,"Stratum E1","60621/1","10mg/ml","Box of 1Vial of 6ml"
"CABERGOL",976973,10.92,"Medis Pharm Drugstore",1,"Stratum A2","81023/1","0.5mg","8"
"CABOMETYX",335934871,3,753.46,"Droguerie de l'Union",1,"Stratum E2","70718/1","20mg","30"
"CABOMETYX",335934871,3,753.46,"Droguerie de l'Union",1,"Stratum E2","70818/1","40mg","30"
"CABOMETYX",335934871,3,753.46,"Droguerie de l'Union",1,"Stratum E2","70918/1","60mg","30"
"CABOTAX",45371506,506.94,"Lebiran SARL",1,"Stratum E1","10621/1","60mg/1.5ml","Single dose vial + 1vial of diluent"
"CAELYX",34821487,389.07,"Abela Frères S.A.L.",0,"Stratum D","40122/1","2mg/ml","1Vial x 10ml"
"CALAMINE PLUS",177899,1.99,"Mephico S.A.L.",1,"Stratum A1","22448","","120ml"
"CALCIUM CHLORIDE",5436771,60.75,"Alfa Laboratoires S.A.L.",0,"","2803/94","10g/100ml","100 x 10ml"
"CALCIUM GLUCONATE",763056,8.53,"Alfa Laboratoires S.A.L.",0,"","2836/94","10g/100ml","10 x 10ml"
"CALCIUM GLUCONATE",6867500,76.73,"Alfa Laboratoires S.A.L.",0,"","83824/1","10g/100ml","100 x 10ml"
"CALCIUM GLUCONATE S.A.L.F",389714,4.35,"New Europharm",1,"Stratum A1","45814/1","10%","5Ampoules x 10ml"
"CALCIUMFOLINAT EBEWE",1289872,14.41,"Khalil Fattal & Fils S.A.L.",1,"Stratum A2","172515/1","100mg/10ml","1Vial"
"CAL-C-VITA EFFERVESCENT",494534,5.53,"Nouvelle Pharm Drugstore",1,"Stratum A1","14247","","15"
"CALIVIDA",1158264,12.94,"Raymond Georges Abou Adal & Co",1,"Stratum A2","185810/13","0.5mg/ml","200ml bottle"
"CALIVIDA",447948,5.01,"Raymond Georges Abou Adal & Co",1,"Stratum A1","185811/13","5mg","28"
"CALPEROS",705517,7.88,"Droguerie de l'Union",1,"Stratum A1","78728/97","500mg","60"
"CALPEROS D3 A SUCER",705517,7.88,"Droguerie de l'Union",1,"Stratum A1","78727/97","","60"
"CALQUENCE",650653454,7,269.87,"Omnipharma",1,"Stratum E2","110620/1","100mg","60"
"CALTRATE 600",618168,6.91,"Sadco",1,"Stratum A1","65421/1","","60"
"CAL-VIT",163821,1.83,"Pharmadex",1,"Stratum A1","19273","","100ml"
"CAL-VIT",142063,1.59,"Pharmadex",1,"Stratum A1","19264","","30"
"CAL-VIT",4025128,44.97,"Pharmadex",1,"Stratum B","130922/1","","1000"
"CAMPHO-PNEUMINE AMINOPHYLLINE ADULTES",326362,3.65,"Pharmamedic S.A.R.L.",1,"Stratum A1","20606","","8"
"CAMPHO-PNEUMINE AMINOPHYLLINE ADULTES",490183,5.48,"Pharmamedic S.A.R.L.",1,"Stratum A1","19423/1","","12"
"CAMPHO-PNEUMINE AMINOPHYLLINE ENFANTS",284127,3.17,"Pharmamedic S.A.R.L.",1,"Stratum A1","20607","","8"
"CAMPHO-PNEUMINE AMINOPHYLLINE ENFANTS",426190,4.76,"Pharmamedic S.A.R.L.",1,"Stratum A1","19523/1","","12"
"CANAGYN",229797,2.57,"Atrissi SARL",1,"Stratum A1","221853/08","100mg","6"
"CANAGYN",302365,3.38,"Atrissi SARL",1,"Stratum A1","185518/1","500mg","1"
"CANDAM",923220,10.32,"Algenericon Med",1,"Stratum A2","135119/1","16mg/10mg","30"
"CANDAM",923220,10.32,"Algenericon Med",1,"Stratum A2","135019/1","8mg/5mg","30"
"CANDAM",923220,10.32,"Algenericon Med",1,"Stratum A2","134919/1","16mg/5mg","30"
"CANDESARTAN / HYDROCHLOROTHIAZIDE BIOGARAN",327898,3.66,"Commercial and Trading Ressources SAL (CTR)",1,"Stratum A1","83418/1","16mg/12.5mg","30"
"CANDESARTAN / HYDROCHLOROTHIAZIDE BIOGARAN",327898,3.66,"Commercial and Trading Ressources SAL (CTR)",1,"Stratum A1","83318/1","8mg/12.5mg","30"
"CANDESARTAN BIOGARAN",434061,4.85,"Commercial and Trading Ressources SAL (CTR)",1,"Stratum A1","83218/1","32mg","30"
"CANDESARTAN BIOGARAN",434061,4.85,"Commercial and Trading Ressources SAL (CTR)",1,"Stratum A1","83118/1","16mg","30"
"CANDESARTAN BIOGARAN",434061,4.85,"Commercial and Trading Ressources SAL (CTR)",1,"Stratum A1","83018/1","8mg","30"
"CANDIGARD",22127179,247.23,"Droguerie de l'Union",0,"Stratum D","67222/1","70mg","1Vial"
"CANDIGARD",22127179,247.23,"Droguerie de l'Union",0,"Stratum D","67322/1","50mg","1Vial"
"CANDIZOL",385235,4.30,"Pharmamedic S.A.R.L.",1,"Stratum A1","185815/13","150mg","2"
"CANESTEN",368213,4.11,"Nouvelle Pharm Drugstore",1,"Stratum A1","78214/1","","20ml"
"CANESTEN",344024,3.84,"Nouvelle Pharm Drugstore",1,"Stratum A1","108014/1","","20g"
"CANESTEN",408528,4.56,"Nouvelle Pharm Drugstore",1,"Stratum A1","154814/1","0.1g","6"
"CAPD/DPCA 17Solution for peritoneal dialysis sleep safe",744140,8.31,"Droguerie de l'Union",1,"Stratum A2","24726/07","","5000ml"
"CAPD/DPCA 17Solution for peritoneal dialysis stay safe",629916,7.04,"Droguerie de l'Union",1,"Stratum A1","24725/07","","2000ml"
"CAPD/DPCA 19Solution for peritoneal dialysis sleep safe",744140,8.31,"Droguerie de l'Union",1,"Stratum A2","24693/07","","5000ml"
"CAPD/DPCA 19Solution for peritoneal dialysis stay safe",769337,8.60,"Droguerie de l'Union",1,"Stratum A2","24724/07","","2000ml"
"CAPD/DPCA 2Solution for peritoneal dialysis stay safe",735741,8.22,"Droguerie de l'Union",1,"Stratum A2","24691/07","","2000ml"
"CAPD/DPCA 3Solution for peritoneal dialysis",769337,8.60,"Droguerie de l'Union",1,"Stratum A2","24692/07","","2000ml"
"CAPECITABINE ACCORD",10908012,121.88,"Mediterranean Pharmaceutical Company",1,"Stratum C","133715/1","500mg","120"
"CAPECITABINE BIOGARAN",10908012,121.88,"Commercial and Trading Ressources SAL (CTR)",1,"Stratum C","112917/1","500mg","120"
"049,21.26,C,135.45,Laboratoires Biogaran,France,8/11/2026",10908012,121.88,"Commercial and Trading Ressources SAL (CTR)",1,"Stratum C","123","500mg","120"
"CAPECITABINE NEAPOLIS",11222829,125.39,"Medis Pharm Drugstore",1,"Stratum C","124521/1","500mg","120"
"CAPECITABINE PHARMINICIO",8869508,99.10,"Mediterranean Pharmaceutical Company",1,"Stratum C","112722/1","500mg","120"
"CAPECITABINE SHILPA",7396894,82.65,"Levant Pulse SARL",1,"Stratum C","128724/1","500mg","120"
"CAPECITABINE SPC",12665771,141.52,"Advanced Healthcare Services SAL",1,"Stratum C","8121/1","500mg","120"
"CAPECITABINE SPC",4094240,45.75,"Advanced Healthcare Services SAL",1,"Stratum B","6321/1","150mg","60"
"CAPEDA",4927423,55.06,"Benta Trading Co s.a.l.",1,"Stratum B","218753/09","500mg","60"
"CAPTACE",486343,5.43,"Droguerie de l'Union",1,"Stratum A1","78968/98","25mg","30"
"CAPTACE",652724,7.29,"Droguerie de l'Union",1,"Stratum A1","78969/98","50mg","30"
"CAPTACE PLUS",1028487,11.49,"Droguerie de l'Union",1,"Stratum B","78966/98","50/25mg","30"
"CAPTAIN",383955,4.29,"Raymond Georges Abou Adal & Co",1,"Stratum A1","36320/1","200mg","30"
"CAPTAIN",335321,3.75,"Raymond Georges Abou Adal & Co",1,"Stratum A1","42420/1","100mg/5ml","1glass bottle of 110ml"
"CAPTAIN FORTE",508740,5.68,"Raymond Georges Abou Adal & Co",1,"Stratum A1","133721/1","400mg","20"
"CAPTOPRIL",4453878,49.76,"Pharmadex",1,"Stratum B","46","25mg","1000"
"CAPTOPRIL",355798,3.98,"Pharmadex",1,"Stratum A1","167735/11","25mg","30"
"CARBETOCINA GP-PHARM",9041227,101.02,"Mediterranean Pharmaceutical Company",1,"Stratum C","150223/1","100mcg","5Prefilled syringes"
"CARBOPLATIN VIANEX",1277994,14.28,"Droguerie Solupharm SAL",1,"Stratum A2","218692/10","150mg/15ml","1 vial"
"CARBOPLATINE ARROW LAB",10115207,113.02,"Darapharma S.A.L.",1,"Stratum C","33425/1","10mg/ml 600mg/60ml","1Vial 60ml"
"CARBOPLATINE ARROW LAB",7586405,84.76,"Darapharma S.A.L.",1,"Stratum C","33325/1","10mg/ml 450mg/45ml","1Vial 45ml"
"CARBOPLATINE EBEWE",2691717,30.08,"Khalil Fattal & Fils S.A.L.",1,"Stratum B","78977","150mg","1 x 15ml"
"CARBOPLATINE VIATRIS 10MG/ML",2981283,33.31,"Benta Trading Co s.a.l.",1,"Stratum B","219212/09","150mg/15ml","1 Vial x 15ml"
"CARBOPLATINE VIATRIS 10MG/ML",941930,10.52,"Benta Trading Co s.a.l.",1,"Stratum A2","97958/12","50mg/5ml","1Vial x 5ml"
"CARBOSYLANE",585915,6.55,"Pharmamedic S.A.R.L.",1,"Stratum A1","236347","","60"
"CARBOSYMAG",384339,4.29,"Pharmamedic S.A.R.L.",1,"Stratum A1","973403/01","24doses","48"
"CARDESINE",563070,6.29,"Bellapharma S.A.R.L.",1,"Stratum A1","165116/1","6mg/2ml","1Vial"
"CARDEZACURE",499142,5.58,"Tamipharm",1,"Stratum A1","157225/1","10mg","30"
"CARDEZACURE",499142,5.58,"Tamipharm",1,"Stratum A1","157625/1","20mg","30"
"CARDIBEE",362198,4.05,"Bee Pharm SARL",1,"Stratum A1","16826/1","5mg","30"
"CARDIOSAFE 10",610104,6.82,"C. Catafago & Co",1,"Stratum A1","24676/07","10mg","30"
"CARDIOSAFE 5",330585,3.69,"C. Catafago & Co",1,"Stratum A1","23639/06","5mg","30"
"CARDIOVITEX",2822069,31.53,"PMD (Pharmacist's medical drugstore)",1,"Stratum B","129615/1","","30"
"CARDULAR",755239,8.44,"Mectapharm S.A.L.",1,"Stratum A2","185912/13","4mg","20"
"CARDULAR",755239,8.44,"Mectapharm S.A.L.",1,"Stratum A2","104923/1","4mg","20"
"CARFILU",58470568,653.30,"Levant Pulse SARL",1,"Stratum E1","55626/1","60mg","1Vial"
"CARIBAN",1701305,19.01,"Droguerie Phenicia",1,"Stratum B","142523/1","10mg/10mg","24"
"CARLEVO",2431715,27.17,"Pharmaline S.A.L.",1,"Stratum B","144720/1","25mg/100mg","100"
"CARLEVO",796067,8.89,"Pharmaline S.A.L.",1,"Stratum A2","144820/1","25mg/250mg","20"
"CARMETADIN",631606,7.06,"Multipharm",1,"Stratum A1","92420/1","35mg","60"
"CARMUSTINE WAYMADE",60411990,674.99,"Pharmamed",1,"Stratum E1","42123/1","100mg","(1+1)"
"CARPLATU",1277994,14.28,"Germanos Health Care Supplies SARL",1,"Stratum A2","98422/1","150mg/15ml",""
"CARVEDILOL ARROW",364181,4.07,"Darapharma S.A.L.",1,"Stratum A1","162117/1","12.5mg","28"
"CARVEDILOL ARROW",425998,4.76,"Darapharma S.A.L.",1,"Stratum A1","162217/1","25mg","28"
"CARVEDILOL ARROW",364181,4.07,"Darapharma S.A.L.",1,"Stratum A1","162017/1","6.25mg","28"
"CASODEX",3777541,42.21,"Omnipharma",1,"Stratum B","92121/1","50mg","28"
"CASODEX",10863782,121.38,"Omnipharma",1,"Stratum C","92321/1","150mg","28"
"CASPOFUNGINE STRAGEN",22928852,256.19,"Karout pharmacy",0,"Stratum D","9225/1","70mg","1Flacon"
"CASPOFUNGINE STRAGEN",18712833,209.08,"Karout pharmacy",0,"Stratum D","9325/1","50mg","1Flacon"
"CASPOFUNGINE STRAGEN",18712833,209.08,"Karout pharmacy",0,"Stratum D","157222/1","50mg","1Flacon"
"CASPOFUNGINE STRAGEN",22928852,256.19,"Karout pharmacy",0,"Stratum D","11718/1","70mg","1Flacon"
"CATAFLAM",262049,2.93,"Khalil Fattal & Fils S.A.L.",1,"Stratum A1","138623","50mg","20"
"CEBROTONIN",577852,6.46,"Levant Alie Houses S.A.L.",1,"Stratum A1","16318/1","800mg","30"
"CECLOR",851100,9.51,"Droguerie de l'Union",1,"Stratum A2","166827/11","250mg/5ml","60ml"
"CECLOR",487623,5.45,"Droguerie de l'Union",1,"Stratum A1","166826/11","125mg/5ml","60ml"
"CECLOR MR",1555018,17.37,"Droguerie de l'Union",1,"Stratum B","166829/11","750mg","10"
"CECLOR MR",1226096,13.70,"Droguerie de l'Union",1,"Stratum A2","166828/11","500mg","10"
"CEFADRIL",450187,5.03,"Premium Serve Drugstore Co. P.S.D. SAL",1,"Stratum A1","405929/00","500mg","12"
"CEFADRIL",268769,3.00,"Premium Serve Drugstore Co. P.S.D. SAL",1,"Stratum A1","405927/00","250mg/5ml","60ml"
"CEFAXONE",403153,4.50,"PMD (Pharmacist's medical drugstore)",1,"Stratum A1","66822/1","1g","4ml"
"CEFAXONE IM/IV",3628375,40.54,"PMD (Pharmacist's medical drugstore)",1,"Stratum B","69724/1","1g","10Vials (without solvent)"
"CEFAXONE IV",403153,4.50,"PMD (Pharmacist's medical drugstore)",1,"Stratum A1","69524/1","1g","1Vial (with solvent dist. water)"
"CEFAZOL IM/IV",5375370,60.06,"PMD (Pharmacist's medical drugstore)",1,"Stratum B","32124/1","1g","25Vials"
"CEFAZOLIN PANPHARMA",5521849,61.70,"Minapharm Halabi",1,"Stratum B","B0341/91","1g","25"
"CEFAZOLINA",18574396,207.54,"Medi drug International SAL (MDI)",0,"Stratum D","195255/04","1g","Box of 100Vials"
"CEFAZOLINE LDP-LABORATORIOS TORLAN",1631425,18.23,"Minapharm Halabi",1,"Stratum B","119224/1","1g","Boite de 10Vials"
"CEFDIA",806306,9.01,"BroadMed SAL",1,"Stratum A2","77122/1","400mg","5"
"CEFEPIME LDP LABORATORIOS TORLAN",5933065,66.29,"Minapharm Halabi",1,"Stratum B","147422/2","1g","10Vials"
"CEFEPIME PANPHARMA",5933065,66.29,"Minapharm Halabi",1,"Stratum B","9415/1","1g","10Vials"
"CEFIPEX 1000 BENTA",703918,7.87,"Benta Trading Co s.a.l.",1,"Stratum A1","222419/08","1000mg","1vial+ 10ml water for injection"
"CEFIPEX 1000 BENTA",703918,7.87,"Benta Trading Co s.a.l.",1,"Stratum A1","219730/09","1000mg","1vial"
"CEFIPEX 500 BENTA",545216,6.09,"Benta Trading Co s.a.l.",1,"Stratum A1","219729/09","500mg","1vial"
"CEFIX",349399,3.90,"Picomed SARL",1,"Stratum A1","148316/03","100mg/5ml","30ml"
"CEFIX",700142,7.82,"Picomed SARL",1,"Stratum A1","148317/03","100mg/5ml","60ml"
"CEFIX",791523,8.84,"Picomed SARL",1,"Stratum A2","219210/09","400mg","5"
"CEFIXIME NEOCEF",692079,7.73,"Pharmamedic S.A.R.L.",1,"Stratum A1","221349/08","100mg/5ml","120ml"
"CEFIXIME NEOCEF",1200587,13.41,"Pharmamedic S.A.R.L.",1,"Stratum A2","105925/1","400mg","8"
"CEFIZOX",786148,8.78,"Abela Frères S.A.L.",1,"Stratum A2","67616/1","1g/IV","1Vial"
"CEFLOXINE",1134203,12.67,"Bellapharma S.A.R.L.",1,"Stratum A2","104916/1","400mg/200ml","1Bag"
"CEFODOX",851996,9.52,"Picomed SARL",1,"Stratum A2","208806/03","200mg","10"
"CEFODOX",735082,8.21,"Picomed SARL",1,"Stratum A2","208807/03","100mg/5ml","50ml"
"CEFODOX",604729,6.76,"Picomed SARL",1,"Stratum A1","208361/02","50mg/5ml","50ml"
"CEFODOX",434061,4.85,"Picomed SARL",1,"Stratum A1","208360/02","100mg","10"
"CEFORA",703918,7.87,"Medi drug International SAL (MDI)",1,"Stratum A1","221695/08","500mg","10"
"CEFOTAX",217702,2.43,"C. Catafago & Co",1,"Stratum A1","973910/02","1g","1Vial + 1Amp solvent"
"CEFOTAXIME PANPHARMA",6127922,68.47,"Minapharm Halabi",1,"Stratum B","973405/01","1g","25fl"
"CEFPODOXIME ARROW LAB",499909,5.59,"Darapharma S.A.L.",1,"Stratum A1","49816/1","100mg","10"
"CEFPROZ",1737588,19.41,"C. Catafago & Co",1,"Stratum B","135219/1","500mg","10"
"CEFPROZ 250",712237,7.96,"C. Catafago & Co",1,"Stratum A1","219554/09","250mg/5ml","50ml"
"CEFPROZ 250",1343843,15.02,"C. Catafago & Co",1,"Stratum A2","186375/13","250mg/5ml","100ml"
"CEFTAZIDIME PANPHARMA",3300477,36.88,"Minapharm Halabi",1,"Stratum B","218905/10","1g","10 vials"
"CEFTRIAXONE LDP-LABORATORIOS TORLAN",3801730,42.48,"Minapharm Halabi",1,"Stratum B","105124/1","1g","Boite de 10Vials"
"CEFTRIAXONE PANPHARMA",5933065,66.29,"Minapharm Halabi",1,"Stratum B","973948/02","1g","25Flacons"
"CEFUMAX",158573,1.77,"C. Catafago & Co",1,"Stratum A1","62222/1","750mg","1Vial"
"CEFUREX",490503,5.48,"Macromed S.A.R.L.",1,"Stratum A1","222203/07","500mg","10"
"CEFUROXIME – PANPHARMA",490503,5.48,"Macromed S.A.R.L.",1,"Stratum A1","0236861/99","500mg","10"
"676,23.08,B,43.83,Panpharma,France,8/11/2026",490503,5.48,"Macromed S.A.R.L.",1,"Stratum A1","922","500mg","10"
"CEFUROXIME – PANPHARMA",490503,5.48,"Macromed S.A.R.L.",1,"Stratum A1","168034/10","500mg","10"
"582,23.08,B,18.45,Panpharma,France,8/11/2026",490503,5.48,"Macromed S.A.R.L.",1,"Stratum A1","651","500mg","10"
"CEFUZIME",147823,1.65,"Pharmanet Drugstore S.A.R.L.",1,"Stratum A1","208593/03","750mg","1Vial"
"CEFUZIME",490503,5.48,"Pharmanet Drugstore S.A.R.L.",1,"Stratum A1","973915/02","500mg","10"
"CELEBREX",1126140,12.58,"Mectapharm S.A.L.",1,"Stratum A2","140122/1","200mg","30"
"CELECOXIB ARROW LAB",561726,6.28,"Darapharma S.A.L.",1,"Stratum A1","97020/1","200mg","30"
"CELECOXIB BIOGARAN",638325,7.13,"Commercial and Trading Ressources SAL (CTR)",1,"Stratum A1","150121/1","200mg","30"
"CELECOXIB BIOGARAN",318491,3.56,"Commercial and Trading Ressources SAL (CTR)",1,"Stratum A1","150221/1","100mg","30"
"CELEZON",95532998,1,067.41,"Droguerie de l'Union",1,"Stratum E2","152320/1","5mg","56"
"CELEZON",188515591,2,106.32,"Droguerie de l'Union",1,"Stratum E2","152420/1","15mg","56"
"CELEZON",188515591,2,106.32,"Droguerie de l'Union",1,"Stratum E2","152520/1","20mg","56"
"CELLABAXIN",10699559,119.55,"Pharmadex",1,"Stratum C","43622/1","500+500mg","Box of 10Vials"
"CELLCEPT",6083575,67.97,"Omnipharma",1,"Stratum B","194122/05","250mg","100"
"CELLCEPT",6083575,67.97,"Omnipharma",1,"Stratum B","194123/05","500mg","50"
"CELLCRISTIN",1443287,16.13,"Drugstore 3U S.A.R.L.",1,"Stratum B","186077/13","1mg/ml","1Vial x 1ml"
"CEMIVIL",12763090,142.60,"Abela Frères S.A.L.",1,"Stratum C","166542/11","100mg","30"
"CEMIVIL",39916303,445.99,"Abela Frères S.A.L.",1,"Stratum E1","166541/11","400mg","30"
"CEPROTIN",86314057,964.40,"Abela Frères S.A.L.",1,"Stratum E2","23922/1","500IU","1Vial powder and 1Vial solvent"
"CEPROTIN",172581517,1,928.29,"Abela Frères S.A.L.",1,"Stratum E2","23822/1","1000IU","1Vial powder and 1Vial solvent"
"CERAZETTE",407184,4.55,"Droguerie de l'Union",1,"Stratum A1","195349/04","75mcg","28"
"CEREBROLYSIN",2303346,25.74,"Droguerie R. Pharaon & Fils S.A.L.",1,"Stratum B","194343/05","","5ampx5ml"
"CEREBROLYSIN",3886393,43.42,"Droguerie R. Pharaon & Fils S.A.L.",1,"Stratum B","194345/05","","5ampx10ml"
"CEREZYME",128412818,1,434.78,"Mersaco",1,"Stratum E2","47219/1","400Units/Vial","1Vial"
"CEROLINE",894615,10.00,"Pharmapro",1,"Stratum A2","177520/1","100mg/ml","60ml"
"CERTICAN",13078816,146.13,"Khalil Fattal & Fils S.A.L.",1,"Stratum C","23727/06","0.5mg","60"
"CERTICAN",19546174,218.39,"Khalil Fattal & Fils S.A.L.",0,"Stratum D","23728/06","0.75mg","60"
"CERUBIDINE",10943137,122.27,"Mersaco",1,"Stratum C","26721/1","20mg","box of 10Vials"
"CERULYSE",339992,3.80,"Spephal S.A.L.",1,"Stratum A1","136","","10ml"
"CERUVIN",240548,2.69,"Mediterranean Pharmaceutical Company",1,"Stratum A1","222287/08","75mg","10"
"CETALLERG",180075,2.01,"Mersaco",1,"Stratum A1","24702/07","10mg","10"
"CETIMED",360918,4.03,"Droguerie Cedarspharm S.A.R.L.",1,"Stratum A1","208844/03","10mg","20"
"CETIMED",415951,4.65,"Droguerie Cedarspharm S.A.R.L.",1,"Stratum A1","208843/03","5mg/5ml","125ml"
"CETRAK",147823,1.65,"C. Catafago & Co",1,"Stratum A1","148347/04","10mg","10"
"CETRAK",415247,4.64,"C. Catafago & Co",1,"Stratum A1","123025/1","10mg","30"
"CETRAXAL OTICO",759271,8.48,"Spephal S.A.L.",1,"Stratum A2","208987/03","","10ml"
"CETRAXAL PLUS",795555,8.89,"Spephal S.A.L.",1,"Stratum A2","24129/06","","10ml"
"CETROTIDE",3420079,38.21,"Food & Drug Corporation FDC",1,"Stratum B","405528","0.25mg","1Vial"
"CETROTIDE",21354452,238.60,"Food & Drug Corporation FDC",0,"Stratum D","405527","0.25mg","7+7"
"CETROTIDE",21354452,238.60,"Food & Drug Corporation FDC",0,"Stratum D","41122","0.25mg","7+7"
"CETROTIDE",3420079,38.21,"Food & Drug Corporation FDC",1,"Stratum B","107821","0.25mg","1Vial"
"CHEMACIN",1679803,18.77,"Drugstore 3U S.A.R.L.",1,"Stratum B","69424/1","500mg/2ml","5Ampoules"
"CHILDREN'S ADVIL",370901,4.14,"Sadco",1,"Stratum A1","77121/1","100mg/5ml","100ml"
"CHILDREN'S PANADOL 5-12 YEARS",356118,3.98,"Sadco",1,"Stratum A1","13716/1","","100ml"
"CHLORAMPHENICOL",166381,1.86,"Pharmadex",1,"Stratum A1","2770","250mg","12"
"CHLORAMPHENICOL PALMITATE",159981,1.79,"Pharmadex",1,"Stratum A1","2775","125mg/5ml","60ml"
"CHLORASEPTIC TOTAL SORE THROAT + COUGH LOZENGES WILD CHERRY",537537,6.01,"Medis Pharm Drugstore",1,"Stratum A1","121816/1","","15"
"CHLORHYDRATE DE LIDOCAINE RENAUDIN",537537,6.01,"Minapharm Halabi",1,"Stratum A1","767285/00","10mg/ml","10Ampoules x5ml"
"CHLORHYDRATE DE LIDOCAINE RENAUDIN",537537,6.01,"Minapharm Halabi",1,"Stratum A1","291,23.08,A1,6.61,Renaudin","10mg/ml","10Ampoules x5ml"
"CHLORHYDRATE DE LIDOCAINE RENAUDIN",537537,6.01,"Minapharm Halabi",1,"Stratum A1","291,23.08,A1,6.61,Renaudin","10mg/ml","10Ampoules x5ml"
"CHLORHYDRATE DE METOCLOPRAMIDE RENAUDIN",537537,6.01,"Minapharm Halabi",1,"Stratum A1","E0344/91","10mg/2ml","10x2ml"
"CHLORHYDRATE DE METOCLOPRAMIDE RENAUDIN",537537,6.01,"Minapharm Halabi",1,"Stratum A1","818,23.08,A1,5.93,Renaudin","10mg/2ml","10x2ml"
"CHLORHYDRATE DE METOCLOPRAMIDE RENAUDIN",537537,6.01,"Minapharm Halabi",1,"Stratum A1","818,23.08,A1,5.93,Renaudin","10mg/2ml","10x2ml"
"CHLORHYDRATE DE MORPHINE RENAUDIN",537537,6.01,"Minapharm Halabi",1,"Stratum A1","146917/1","20mg/ml","10 ampoules x 1ml"
"607,23.08,A2,12.30,Renaudin",537537,6.01,"Minapharm Halabi",1,"Stratum A1","100","20mg/ml","10 ampoules x 1ml"
"607,23.08,A2,12.30,Renaudin",537537,6.01,"Minapharm Halabi",1,"Stratum A1","100","20mg/ml","10 ampoules x 1ml"
"CHLORPROMAZINE",529858,5.92,"Pharmadex",1,"Stratum A1","405501","100mg","50"
"CHLORPROMAZINE",8719720,97.43,"Pharmadex",1,"Stratum C","155722/1","100mg","1000"
"CHLORPROMAZINE",332761,3.72,"Pharmadex",1,"Stratum A1","96023/1","50mg","30"
"CHLORURE DE POTASSIUM PROAMP",1444631,16.14,"Droguerie Solupharm SAL",1,"Stratum B","MPA 2272/94","0.0746g/ml","50ampoules x 10ml"
"CHLORURE DE POTASSIUM RENAUDIN",1444631,16.14,"Minapharm Halabi",1,"Stratum B","78753/97","7.46% (0.0746g/ml)","Bt 10Ampoules x 10ml"
"CHLORURE DE POTASSIUM RENAUDIN",1444631,16.14,"Minapharm Halabi",1,"Stratum B","683,23.08,A1,4.31,Renaudin","7.46% (0.0746g/ml)","Bt 10Ampoules x 10ml"
"CHLORURE DE POTASSIUM RENAUDIN",1444631,16.14,"Minapharm Halabi",1,"Stratum B","683,23.08,A1,4.31,Renaudin","7.46% (0.0746g/ml)","Bt 10Ampoules x 10ml"
"CHLORURE DE POTASSIUM RENAUDIN",1444631,16.14,"Minapharm Halabi",1,"Stratum B","236215/98","10% (0.10g/ml)","Bt 10Ampoules x 10ml"
"CHLORURE DE POTASSIUM RENAUDIN",1444631,16.14,"Minapharm Halabi",1,"Stratum B","150,23.08,A1,4.02,Renaudin","10% (0.10g/ml)","Bt 10Ampoules x 10ml"
"CHLORURE DE POTASSIUM RENAUDIN",1444631,16.14,"Minapharm Halabi",1,"Stratum B","150,23.08,A1,4.02,Renaudin","10% (0.10g/ml)","Bt 10Ampoules x 10ml"
"CHLORURE DE SODIUM 0.9 pour cent Renaudin",1444631,16.14,"Minapharm Halabi",1,"Stratum B","78752/97","0.09g/ml","10Ampoules  x 10ml"
"CHLORURE DE SODIUM 0.9 pour cent Renaudin",1444631,16.14,"Minapharm Halabi",1,"Stratum B","683,23.08,A1,4.31,Renaudin","0.09g/ml","10Ampoules  x 10ml"
"CHLORURE DE SODIUM 0.9 pour cent Renaudin",1444631,16.14,"Minapharm Halabi",1,"Stratum B","683,23.08,A1,4.31,Renaudin","0.09g/ml","10Ampoules  x 10ml"
"CHLORURE DE SODIUM PROAMP",1104639,12.34,"Droguerie Solupharm SAL",1,"Stratum A2","MPB 2893/94","0.9%","50 ampoules x 10ml"
"CHLORURE DE SODIUM PROAMP",705517,7.88,"Droguerie Solupharm SAL",1,"Stratum A1","MPC 2893/94","0.9%","20 ampoules x 20ml"
"CHOLECALCIFEROL BIOGARAN",115570,1.29,"Commercial and Trading Ressources SAL (CTR)",1,"Stratum A1","31717/1","100,000UI","1Ampoule 2ml"
"CHOLIB",1251117,13.98,"Mersaco",1,"Stratum A2","30817/1","145mg/20mg","30"
"CHOLIB",1358625,15.18,"Mersaco",1,"Stratum A2","30917/1","145mg/40mg","30"
"CHORIOMON",6306653,70.47,"Alisar Pharma Corp",1,"Stratum B","127914/1","5,000IU","3Vials x 3Ampoules of solvent"
"CIALIS",3101588,34.65,"Droguerie de l'Union",1,"Stratum B","24688/07","20mg","4"
"CIALIS",6512261,72.76,"Droguerie de l'Union",1,"Stratum B","219707/09","5mg","28"
"CI-CAL",694767,7.76,"Venus Drugstore",1,"Stratum A1","187200/14","250mg","60"
"CI-CAL+D",796899,8.90,"Venus Drugstore",1,"Stratum A2","221862/08","250mg","60"
"CI-CAL+D",1118077,12.49,"Venus Drugstore",1,"Stratum A2","187099/13","1000IU","60"
"CI-CAL+D",804962,8.99,"Venus Drugstore",1,"Stratum A2","187100/13","800IU","60"
"CICLOPLEGICEDOL",459594,5.14,"Abela Frères S.A.L.",1,"Stratum A1","186156/13","","5ml"
"CIDAKOG 125",36772418,410.87,"Omnipharma",1,"Stratum E1","53023/1","125mg","21"
"CIFLOSIN",327898,3.66,"New Europharm",1,"Stratum A1","144623/01","500mg","10"
"CILANEM",850652,9.50,"Mediterranean Pharmaceutical Company",1,"Stratum A2","24330/06","500mg","1 vial"
"CILOXAN",348055,3.89,"Khalil Fattal & Fils S.A.L.",1,"Stratum A1","94618/1","","5ml"
"CINACALCET ARROW",8768039,97.97,"Darapharma S.A.L.",1,"Stratum C","20322/1","30mg","28"
"CINACALCET ARROW",16494074,184.29,"Darapharma S.A.L.",0,"Stratum D","20422/1","60mg","28"
"CINACALCET ARROW",22062995,246.51,"Darapharma S.A.L.",0,"Stratum D","20522/1","90mg","28"
"CINARIN",490183,5.48,"Pharmapro",1,"Stratum A1","78771/98","75mg","30"
"CINITREX",636981,7.12,"Droguerie Phenicia",1,"Stratum A1","1017/1","1mg","50"
"CINNAL-f",14826544,165.66,"Lebiran SARL",0,"Stratum D","139219/1","900IU/1.5ml","1prefilled pen"
"CINNAL-f",7372177,82.37,"Lebiran SARL",1,"Stratum C","139119/1","450IU/0.75ml","1prefilled pen"
"CINNARIZINE",386515,4.32,"Pharmadex",1,"Stratum A1","405502","75mg","20"
"CINNATROPIN",4699417,52.51,"Lebiran SARL",1,"Stratum B","59020/1","5mg/1.5ml","1pre-filled pen"
"CINNATROPIN",9012607,100.70,"Lebiran SARL",1,"Stratum C","59120/1","10mg/1.5ml","1pre-filled pen"
"CINNOPAR",15275833,170.68,"Lebiran SARL",0,"Stratum D","175119/1","250mcg/ml","1pre-filled pen of 28 subcutaneous doses x 2.4ml"
"CINNORA",14817734,165.56,"Lebiran SARL",0,"Stratum D","125519/1","40mg/0.8ml","2Prefilled syringes for SC injection"
"CINNOVEX",39804728,444.75,"Lebiran SARL",1,"Stratum E1","139319/1","30mcg","4prefilled syringe"
"CIPINTU",1206771,13.48,"Germanos Health Care Supplies SARL",1,"Stratum A2","98022/1","50mg/50ml","1Vial"
"CIPRALEX",1548107,17.30,"Sadco",1,"Stratum B","974065/02","10mg","28"
"CIPRALEX",2378601,26.58,"Sadco",1,"Stratum B","0023735/06","15mg","28"
"CIPRAM",2280501,25.48,"Sadco",1,"Stratum B","28600","20mg","28"
"CIPRO",436749,4.88,"BroadMed SAL",1,"Stratum A1","88322/1","500mg","14"
"CIPRO MEDIS 500",479752,5.36,"Medis Pharm Drugstore",1,"Stratum A1","105923/1","500mg","14"
"CIPROBAY",654451,7.31,"Droguerie R. Pharaon & Fils S.A.L.",1,"Stratum A1","208475","500mg","Box of 10"
"CIPROCIN",240548,2.69,"C. Catafago & Co",1,"Stratum A1","78815/98","500mg","10"
"CIPRODAR",392402,4.38,"Sadco",1,"Stratum A1","261314","500mg","10"
"CIPROFAR",241892,2.70,"C. Catafago & Co",1,"Stratum A1","974042/02","500mg","12"
"CIPROFLOXACINE PANPHARMA",5120040,57.21,"Minapharm Halabi",1,"Stratum B","221198/08","200mg/100ml","10 poches"
"CIPROFLOXACINE PANPHARMA",9908924,110.71,"Minapharm Halabi",1,"Stratum C","218560/10","400mg/200ml (2mg/ml)","10 poches"
"CIPROFLOXACINE PANPHARMA",9908924,110.71,"Minapharm Halabi",1,"Stratum C","187499/13","400mg/200ml","10 poches"
"CIPROFLOXACINE PANPHARMA",5120040,57.21,"Minapharm Halabi",1,"Stratum B","187500/13","200mg/100ml","10 poches"
"CIPROFLOXACINE PANPHARMA",4914432,54.91,"Minapharm Halabi",1,"Stratum B","33520/1","200mg/100ml","10Poches"
"CIPROLON 200",686704,7.67,"Droguerie de l'Union",1,"Stratum A1","218870/09","","Vial 100ml"
"CIPROLON 500",295645,3.30,"Droguerie de l'Union",1,"Stratum A1","208268/96","500mg","10"
"CIPROMAX",295645,3.30,"Khalil Fattal & Fils S.A.L.",1,"Stratum A1","973407/01","500mg","10"
"CIPROMAX",295645,3.30,"Khalil Fattal & Fils S.A.L.",1,"Stratum A1","402,23.08,A1,4.38,,,8/11/2026","500mg","10"
"CIPROMID",331929,3.71,"Macromed S.A.R.L.",1,"Stratum A1","195457/04","500mg","10"
"CIPROPHARM",354774,3.96,"Picomed SARL",1,"Stratum A1","973899/02","500mg","10"
"CIPROX",520067,5.81,"Macromed S.A.R.L.",1,"Stratum A1","195321/04","0.2%w/v","100ml"
"CISPLATINE VIATRIS 1MG/ML",412655,4.61,"Benta Trading Co s.a.l.",1,"Stratum A1","219213/09","10mg/10ml","1Vial x 10ml"
"CISPLATINE VIATRIS 1MG/ML",1179655,13.18,"Benta Trading Co s.a.l.",1,"Stratum A2","219214/09","50mg/50ml","1Vial x 50ml"
"CITOLES",511940,5.72,"Pharmaline S.A.L.",1,"Stratum A1","219716/09","10mg","28"
"CITOXAL",895895,10.01,"Pharmaline S.A.L.",1,"Stratum A2","26723/1","5mg","30"
"CITOXAL",1410395,15.76,"Pharmaline S.A.L.",1,"Stratum A2","26823/1","10mg","30"
"CITOXAL",2166786,24.21,"Pharmaline S.A.L.",1,"Stratum B","26623/1","15mg","30"
"CITOXAL",2559700,28.60,"Pharmaline S.A.L.",1,"Stratum B","26523/1","20mg","30"
"CITRAFLEET",1191988,13.32,"Bellapharma S.A.R.L.",1,"Stratum A2","117519/1","","2 Sachets"
"CIVAR",507972,5.68,"Picomed SARL",1,"Stratum A1","24541/07","5%","10g"
"CLADRIXA",103548703,1,156.97,"Levant Pulse SARL",1,"Stratum E2","55726/1","10mg","1"
"CLAFOCARE",8031731,89.74,"Drugstore 3U S.A.R.L.",1,"Stratum C","187457/13","1g","50 vials"
"CLAIRYG",77418284,865.01,"Codipha",1,"Stratum E2","96408/11","50mg/ml (10g/200ml)","1Vial x 200ml"
"CLAIRYG",42296819,472.59,"Droguerie R. Pharaon & Fils S.A.L.",1,"Stratum E1","96407/11","50mg/ml (5g/100ml)","1Vial x 100ml"
"CLAMYCIN",641205,7.16,"Pharmapro",1,"Stratum A1","974245/01","250mg","14"
"CLARA",131697,1.47,"Droguerie Mercury S.A.L.",1,"Stratum A1","194930/05","10mg","10"
"CLARA",215015,2.40,"Droguerie Mercury S.A.L.",1,"Stratum A1","194929/05","5mg/5ml",""
"CLAREM 250",215015,2.40,"Droguerie Columbus",1,"Stratum A1","97242/12","250mg","14"
"CLAREM 250",215015,2.40,"Droguerie Columbus",1,"Stratum A1","657,23.08,A1,5.23,Remedica Ltd","250mg","14"
"CLAREM 250",215015,2.40,"Droguerie Columbus",1,"Stratum A1","657,23.08,A1,5.23,Remedica Ltd","250mg","14"
"CLAREM 500",215015,2.40,"Droguerie Columbus",1,"Stratum A1","24657/07","","14"
"CLAREM 500",215015,2.40,"Droguerie Columbus",1,"Stratum A1","704,23.08,A1,7.67,,,8/11/2026","","14"
"CLARINASE",446156,4.98,"Nouvelle Pharm Drugstore",1,"Stratum A1","117015/1","","14"
"CLARITINE",430030,4.80,"Nouvelle Pharm Drugstore",1,"Stratum A1","116915/1","","120ml"
"CLARITINE",219046,2.45,"Nouvelle Pharm Drugstore",1,"Stratum A1","116815/1","10mg","10"
"CLARITINE",618168,6.91,"Nouvelle Pharm Drugstore",1,"Stratum A1","115318/1","10mg","30"
"CLAVANCE",140170428,1,566.15,"Droguerie de l'Union",1,"Stratum E2","198025/1","10mg","1"
"CLAVODIS",627127,7.01,"Medis Pharm Drugstore",1,"Stratum A1","148125/1","1g","14"
"CLAVODIS",472265,5.28,"Medis Pharm Drugstore",1,"Stratum A1","80325/1","457mg/5ml","70ml"
"CLAVODIS",719276,8.04,"Medis Pharm Drugstore",1,"Stratum A1","80325/1","642.9mg/5ml","100ml"
"CLENIL 250 MCG SPRAY",873498,9.76,"Sadco",1,"Stratum A2","27204","","200doses"
"CLINDAMYCIN",712876,7.97,"Pharmadex",1,"Stratum A1","110616/1","100mg","3"
"CLINDAMYCIN VIANEX BA FREE",201576,2.25,"Droguerie Solupharm SAL",1,"Stratum A1","218693/10","600mg/4ml","1 Ampoule"
"CLINIDERM",712876,7.97,"Medapharm Healthcare SAL",1,"Stratum A1","24916/07","","30g"
"CLINIDERM T",890776,9.95,"Medapharm Healthcare SAL",1,"Stratum A2","96900/12","1%/0.05%","30g"
"CLINIDERM T",801186,8.95,"Medapharm Healthcare SAL",1,"Stratum A2","186451/12","1%/0.025%","30g"
"CLINTON",288926,3.23,"Premium Serve Drugstore Co. P.S.D. SAL",1,"Stratum A1","34417/1","120mg","7"
"CLINTON",353431,3.95,"Premium Serve Drugstore Co. P.S.D. SAL",1,"Stratum A1","116723/1","90mg","10"
"CLINTON",1062979,11.88,"Premium Serve Drugstore Co. P.S.D. SAL",1,"Stratum A2","116723/1","90mg","30"
"CLOBEVAT",302045,3.37,"Pharmapro",1,"Stratum A1","163020/1","0.05%","40g"
"CLOBEVAT",302045,3.37,"Pharmapro",1,"Stratum A1","162220/1","0.05%","40g"
"CLODOR",1148025,12.83,"Medi drug International SAL (MDI)",1,"Stratum A2","221696/08","75mg","30"
"CLOFEN",299677,3.35,"Pharmanet Drugstore S.A.R.L.",1,"Stratum A1","405684/00","75mg/3ml","5Ampoules"
"CLOFEN",206952,2.31,"Pharmanet Drugstore S.A.R.L.",1,"Stratum A1","208723/03","1%","50g"
"CLOMID",274144,3.06,"C. Catafago & Co",1,"Stratum A1","101015/1","50mg","5"
"CLOMIFERT",395090,4.41,"Multipharm",1,"Stratum A1","153521/1","50mg","10"
"CLOMIFERT",395090,4.41,"Multipharm",1,"Stratum A1","153521/1","50mg","10"
"CLOPI TAD",911125,10.18,"Pharmamedic S.A.R.L.",1,"Stratum A2","167191/10","75mg","28"
"CLOPIDOGREL ARROW",658483,7.36,"Darapharma S.A.L.",1,"Stratum A1","23719/1","75mg","30"
"CLOPIKEY",748520,8.36,"Mediterranean Pharmaceutical Company",1,"Stratum A2","21622/1","75mg","50"
"CLOPISTOP",1081473,12.08,"L. Pharm SAL",1,"Stratum A2","28925/1","75mg","30"
"CLOPIXOL ACUPHASE",857372,9.58,"Sadco",1,"Stratum A2","28599","100mg/2ml","1x2ml"
"CLOPIXOL DEPOT",512004,5.72,"Sadco",1,"Stratum A1","23910/78","200mg/ml","1x1ml"
"CLORACEF FORTE",432717,4.83,"Sadco",1,"Stratum A1","135361","250mg/5ml","75ml"
"CLOREN",353239,3.95,"Pharmamedic S.A.R.L.",1,"Stratum A1","63620/1","12.5mg","12"
"CLOREN ADULTS",598970,6.69,"Pharmamedic S.A.R.L.",1,"Stratum A1","100321/1","100mg","12"
"CLOTRIMAX",799906,8.94,"Pharmamedic S.A.R.L.",1,"Stratum A2","142423/1","","3Vaginal suppositories"
"CLOTRIX 75",958608,10.71,"Benta Trading Co s.a.l.",1,"Stratum A2","167602/10","75mg","30"
"CLOTRIX 75",895895,10.01,"Benta Trading Co s.a.l.",1,"Stratum A2","29822/1","75mg","28"
"CLOZAPINE PANPHARMA",808993,9.04,"Minapharm Halabi",1,"Stratum A2","24452/06","100mg","30"
"CO APROVEL",658483,7.36,"Mersaco",1,"Stratum A1","27322/1","300mg/12.5mg","28"
"CO APROVEL",658483,7.36,"Mersaco",1,"Stratum A1","27222/1","150mg/12.5mg","28"
"CO APROVEL",658483,7.36,"Mersaco",1,"Stratum A1","128423/1","150mg/12.5mg","28"
"CO APROVEL",658483,7.36,"Mersaco",1,"Stratum A1","128523/1","300mg/12.5mg","28"
"CO-ANGINET",544256,6.08,"Premium Serve Drugstore Co. P.S.D. SAL",1,"Stratum A1","218776/09","160/12.5mg","30"
"CO-AVAZIR",193513,2.16,"Macromed S.A.R.L.",1,"Stratum A1","79118/1","","5ml"
"COBAL",486471,5.44,"C. Catafago & Co",1,"Stratum A1","973346/01","","30"
"COBAL",1128828,12.61,"C. Catafago & Co",1,"Stratum A2","166942/11","500mcg/ml","8 Ampoules"
"CO-DIOVAN",602041,6.73,"Khalil Fattal & Fils S.A.L.",1,"Stratum A1","137323/1","80/12.5 mg","28"
"CO-DIOVAN",846621,9.46,"Khalil Fattal & Fils S.A.L.",1,"Stratum A2","137423/1","160/12.5 mg","28"
"CO-DIOVAN",901718,10.08,"Khalil Fattal & Fils S.A.L.",1,"Stratum A2","137523/1","160/25 mg","28"
"CODOPALM",149742,1.67,"Pharmadex",1,"Stratum A1","19269","","100ml"
"CODOPALM EXPECTORANT",153582,1.72,"Pharmadex",1,"Stratum A1","20039","","100ml"
"CODOPALM EXPECTORANT",291806,3.26,"Pharmadex",1,"Stratum A1","22269","","200ml"
"COFEX",154542,1.73,"Premium Serve Drugstore Co. P.S.D. SAL",1,"Stratum A1","973408/01","","150ml"
"COLCHICINE BENTA",332761,3.72,"Benta Trading Co s.a.l.",1,"Stratum A1","90321/1","1mg","30"
"COLCHICINE OPOCALCIUM",284895,3.18,"Droguerie de l'Union",1,"Stratum A1","116/1","1mg","20"
"COLCHICINE SEID",382995,4.28,"New Europharm",1,"Stratum A1","67715/1","1mg","40"
"COLDIN",386515,4.32,"Droguerie Cedarspharm S.A.R.L.",1,"Stratum A1","973438/01","","16"
"COLDIN",386515,4.32,"Droguerie Cedarspharm S.A.R.L.",1,"Stratum A1","973439/01","","90ml"
"COLDIN-H",386515,4.32,"Droguerie Cedarspharm S.A.R.L.",1,"Stratum A1","155620/1","","16"
"COLD-MED",386515,4.32,"Pharmapro",1,"Stratum A1","32316/1","","90ml"
"COLD-MED",386515,4.32,"Pharmapro",1,"Stratum A1","32416/1","","16"
"COLISTIMETHATE",38239924,427.26,"Medi drug International SAL (MDI)",0,"Stratum D","149420/1","150mg","12Vials"
"COLISTIMETHATE SODIQUE PANPHARMA",6392659,71.43,"Minapharm Halabi",1,"Stratum B","95718/1","1.000.000IU","10 vials"
"COLISTIN HIKMA",903062,10.09,"Abela Frères S.A.L.",1,"Stratum A2","120217/1","1 Million I.U.","Pack of 1 vials"
"COLISTIN/NORMA",872154,9.74,"Pharmamed",1,"Stratum A2","112217/1","1.000.000IU","1vial"
"COLIXIN",20296042,226.77,"Drugstore 3U S.A.R.L.",0,"Stratum D","200119/1","1,000,000IU","30Vial"
"COLON-X",833182,9.31,"PMD (Pharmacist's medical drugstore)",1,"Stratum A2","106915/1","","30"
"COLPERMIN",632950,7.07,"Taba Chemipharm",1,"Stratum A1","27528","","30"
"COLUMVI",349443660,3,904.40,"Omnipharma",1,"Stratum E2","61024/1","10mg/10ml","1Vial"
"COLUMVI",87389307,976.42,"Omnipharma",1,"Stratum E2","60924/1","2.5mg/2.5ml","1Vial"
"COMBEDOX",374996,4.19,"Medi drug International SAL (MDI)",1,"Stratum A1","33918/1","","5Ampoules"
"COMBIGAN 2mg/ml 5mg/ml",1181238,13.20,"Mersaco",1,"Stratum A2","23872/07","","5ml"
"COMBIGAN 2mg/ml 5mg/ml",1181238,13.20,"Mersaco",1,"Stratum A2","138222/1","","5ml"
"COMBIPAR",1324682,14.80,"Pharmaline S.A.L.",1,"Stratum A2","101816/1","150/37.5/200mg","50"
"COMBIPAR",1249926,13.97,"Pharmaline S.A.L.",1,"Stratum A2","101716/1","100/25/200mg","50"
"COMBIPAR",1103403,12.33,"Pharmaline S.A.L.",1,"Stratum A2","101616/1","50/12.5/200mg","50"
"COMBISOPT",935570,10.45,"Benta Trading Co s.a.l.",1,"Stratum A2","103717/1","(20mg+5mg)/ml","5ml"
"COMBIVENT",745833,8.33,"Mersaco",1,"Stratum A2","114715/1","","20x2.5ml"
"COMBIVENT",745833,8.33,"Mersaco",1,"Stratum A2","93725/1","","20x2.5ml"
"COMPLEVIT",218854,2.45,"Pharmadex",1,"Stratum A1","22573","","120ml"
"CONCENTRATE SOLUTION  FOR HEMODIALYSIS TYPE E",0,0,"Alfa Laboratoires S.A.L.",1,"Stratum ?","35/95","","7.5l"
"CONCENTRATE SOLUTION FOR HEMODIALYSIS L",0,0,"Serum Products",1,"Stratum ?","279/95","","10l"
"CONCENTRATE SOLUTION FOR HEMODIALYSIS LM",0,0,"Serum Products",1,"Stratum ?","279/95","","10l"
"CONCENTRATE SOLUTION FOR HEMODIALYSIS LS",0,0,"Serum Products",1,"Stratum ?","279/95","","10l"
"CONCENTRATE SOLUTION FOR HEMODIALYSIS LS2",0,0,"Serum Products",1,"Stratum ?","279/95","","10l"
"CONCENTRATE SOLUTION FOR HEMODIALYSIS LS3",0,0,"Serum Products",1,"Stratum ?","279/95","","10l"
"CONCENTRATE SOLUTION FOR HEMODIALYSIS R",0,0,"Serum Products",1,"Stratum ?","279/95","","10l"
"CONCENTRATE SOLUTION FOR HEMODIALYSIS TYPE B+",0,0,"Alfa Laboratoires S.A.L.",0,"","35/95","","7.5l"
"CONCENTRATE SOLUTION FOR HEMODIALYSIS TYPE C",0,0,"Alfa Laboratoires S.A.L.",1,"Stratum ?","35/95","","7.5l"
"CONCENTRATE SOLUTION FOR HEMODIALYSIS TYPE D",0,0,"Alfa Laboratoires S.A.L.",1,"Stratum ?","35/95","","7.5l"
"CONCENTRATE SOLUTION FOR HEMODIALYSIS TYPE F",0,0,"Alfa Laboratoires S.A.L.",1,"Stratum ?","35/95","","5l"
"CONCENTRATE SOLUTION FOR HEMODIALYSIS TYPE J",0,0,"Alfa Laboratoires S.A.L.",0,"","35/95","","7.5l"
"CONCENTRATE SOLUTION FOR HEMODIALYSIS TYPE SG",0,0,"Alfa Laboratoires S.A.L.",1,"Stratum ?","35/95","","7.5l"
"CONCENTRATE SOLUTION",0,0,"Alfa Laboratoires S.A.L.",1,"Stratum ?","35/95","","7.5l"
"CONCENTRATE SOLUTION",0,0,"Alfa Laboratoires S.A.L.",1,"Stratum ?","35/95","","7.5l"
"CONCERTA",1583046,17.69,"Mersaco",1,"Stratum B","171219/1","27mg","30"
"CONCERTA",2112520,23.60,"Mersaco",1,"Stratum B","170819/1","36mg","30"
"CONCERTA",3168781,35.41,"Mersaco",1,"Stratum B","171119/1","54mg","30"
"CONCERTA",1076418,12.03,"Mersaco",1,"Stratum A2","171319/1","18mg","30"
"CONCOR",870164,9.72,"Food & Drug Corporation FDC",1,"Stratum A2","23650/06","5mg","30"
"CONCOR",1176665,13.15,"Food & Drug Corporation FDC",1,"Stratum A2","23701/06","10mg","30"
"CONCOR AM 2.5",1377012,15.39,"Food & Drug Corporation FDC",1,"Stratum A2","221711/08","2.5mg","30"
"CONCOR AM 5",1377012,15.39,"Food & Drug Corporation FDC",1,"Stratum A2","221712/08","5mg","30"
"CONCOR COR",488906,5.46,"Food & Drug Corporation FDC",1,"Stratum A1","23649/06","2.5mg","30"
"CONCOR PLUS",888105,9.92,"Food & Drug Corporation FDC",1,"Stratum A2","23702/06","","30"
"CONCOR PLUS",1249926,13.97,"Food & Drug Corporation FDC",1,"Stratum A2","23703/06","","30"
"CONCOR T 2.5",1163209,13.00,"Food & Drug Corporation FDC",1,"Stratum A2","100023/1","","30"
"CONCOR T 2.5",2209797,24.69,"Food & Drug Corporation FDC",1,"Stratum B","122024/1","","60"
"CONCOR T 5",1457748,16.29,"Food & Drug Corporation FDC",1,"Stratum B","100123/1","","30"
"CONDINE",5818474,65.01,"Benta Trading Co s.a.l.",1,"Stratum C","97480/12","150mg/300mg","60"
"CONJYCLEAR",344024,3.84,"Macromed S.A.R.L.",1,"Stratum A1","2319/1","0.1%","5ml"
"CONSIVAS-10",450187,5.03,"Mediterranean Pharmaceutical Company",1,"Stratum A1","21422/1","10mg","30"
"CONSIVAS-20",450187,5.03,"Mediterranean Pharmaceutical Company",1,"Stratum A1","21522/1","20mg","30"
"CONSORT",288926,3.23,"Premium Serve Drugstore Co. P.S.D. SAL",1,"Stratum A1","134514/1","120mg","7"
"CONSORT",338648,3.78,"Premium Serve Drugstore Co. P.S.D. SAL",1,"Stratum A1","134414/1","90mg","10"
"CONSORT",212327,2.37,"Premium Serve Drugstore Co. P.S.D. SAL",1,"Stratum A1","134314/1","60mg","10"
"CONSTIPRIDE",2015764,22.52,"Mazen Pharm Pharmaceutical Company SARL",1,"Stratum B","115223/1","1mg","28"
"CONSTIPRIDE",2956454,33.03,"Mazen Pharm Pharmaceutical Company SARL",1,"Stratum B","115323/1","2mg","28"
"CONTRACNE ISOTRETINOINE",1521230,17.00,"Pharmamedic S.A.R.L.",1,"Stratum B","74916/1","20mg","30"
"CONTRACNE ISOTRETINOINE",3043803,34.01,"Pharmamedic S.A.R.L.",1,"Stratum B","75016/1","40mg","30"
"CONTRACTUBEX",498566,5.57,"Sadco",1,"Stratum A1","22857/74","","20g"
"CONTRACTUBEX",1183925,13.23,"Sadco",1,"Stratum A2","218155/09","","50g"
"CONTRAVE",11653550,130.21,"Droguerie de l'Union",1,"Stratum C","59619/1","8mg/90mg","112"
"CONVERIUM"